,inf,e,s,i
2023-01-01,3.5462979979853784,0.025283328892343526,-1.3846557431299704,-3.1999999999999993
2023-01-02,3.5558617046038483,0.025193355614487878,-1.3031242234506952,-3.1999999999999993
2023-01-03,3.4931677223508912,0.025103382336630453,-1.321939189530528,-3.1999999999999993
2023-01-04,3.528320914227632,0.025013409058774805,-1.310112639423205,-3.1999999999999993
2023-01-05,3.576147265700599,0.02492343578091827,-1.280008693695472,-3.1999999999999993
2023-01-06,3.635186076312281,0.02483346250306262,-1.2094525708960995,-3.1999999999999993
2023-01-07,3.677543382146892,0.024743489225205195,-1.1929894755762462,-3.1999999999999993
2023-01-08,3.709474747495833,0.024653515947349547,-1.2086686139761063,-3.1999999999999993
2023-01-09,3.708767781824181,0.0245635426694939,-1.3806911609917198,-3.0199999999999996
2023-01-10,3.699831405287662,0.024473569391636474,-1.352804693409111,0.9900000000000002
2023-01-11,3.687232196026452,0.024383596113780825,-1.2657854752898845,0.9900000000000002
2023-01-12,3.6920899501915554,0.02429362283592429,-1.3190945458494099,0.9900000000000002
2023-01-13,3.712099713600289,0.024203649558067752,-1.369267788728964,0.9900000000000002
2023-01-14,3.7282071035374296,0.024113676280211216,-1.4633426191281276,0.9900000000000002
2023-01-15,3.741192594697296,0.024023703002355568,-1.4558166326961943,0.9900000000000002
2023-01-16,3.7446824673831767,0.02393372972449903,-1.6032005336548842,0.71
2023-01-17,3.723775823687303,0.023843756446642494,-1.6831641394941732,0.4499999999999993
2023-01-18,3.7046002999857057,0.023753783168786846,-1.6677089887857395,0.4499999999999993
2023-01-19,3.673567922875285,0.02366380989093031,-1.664886743873764,0.4499999999999993
2023-01-20,3.648032991318435,0.023573836613073773,-1.5739477411545726,0.4499999999999993
2023-01-21,3.624668629905337,0.023483863335217237,-1.7175686488972952,0.4499999999999993
2023-01-22,3.603178851798208,0.023393890057361588,-1.5872750087944536,0.4499999999999993
2023-01-23,3.583319146131052,0.023303916779504164,-1.5825712672744958,0.34999999999999964
2023-01-24,3.569415175052085,0.023213943501648515,-1.6578311315938261,-0.09999999999999964
2023-01-25,3.543449443807118,0.023123970223792867,-1.6189468683621728,-0.09999999999999964
2023-01-26,3.524430492789576,0.02303399694593633,-1.6902869480815381,-0.09999999999999964
2023-01-27,3.501056159105213,0.022944023668079794,-1.3563213001645078,-0.09999999999999964
2023-01-28,3.47872488522621,0.022854050390223257,-1.3751362662443405,-0.09999999999999964
2023-01-29,3.4573287684140785,0.02276407711236761,-1.3845437492842574,-0.09999999999999964
2023-01-30,3.4430377871637394,0.022674103834510184,-1.4489327443130178,1.04
2023-01-31,3.416592985940629,0.022584130556654536,-1.4269819505532126,1.75
2023-02-01,2.6900730337908056,0.02263511472117319,-1.4238461228732404,0.5200000000000005
2023-02-02,2.547511512812165,0.022686098885690953,-1.3297712924740774,0.5200000000000005
2023-02-03,2.469739767932177,0.022737083050209606,-1.339805941049988,0.5200000000000005
2023-02-04,2.437770377030759,0.022788067214728258,-1.2974722673703645,0.5200000000000005
2023-02-05,2.424121927720768,0.022839051379246023,-1.3971915875934777,0.5200000000000005
2023-02-06,2.3995903122719717,0.022890035543764675,-1.3901359753135405,0.8000000000000007
2023-02-07,2.3927754991038794,0.022941019708283328,-1.2756782649945588,0.40000000000000036
2023-02-08,2.424539010904657,0.02299200387280198,-1.1547249116242053,0.40000000000000036
2023-02-09,2.472458701194585,0.023042988037319745,-1.1232098434404858,0.40000000000000036
2023-02-10,2.4906612809598805,0.023093972201838397,-1.1365371110803673,0.40000000000000036
2023-02-11,2.5055124843217413,0.022894956366356745,-0.9672024163618732,0.40000000000000036
2023-02-12,2.517850155381027,0.02269594053087509,-0.7903417352114459,0.40000000000000036
2023-02-13,2.5379040833787494,0.02249692469539344,-0.7204575754863533,0.25
2023-02-14,2.5469541182807456,0.022297908859911786,-0.7173217478063807,0.11000000000000032
2023-02-15,2.543356212017363,0.022098893024430133,-0.684171569475247,0.11000000000000032
2023-02-16,2.543195895734752,0.02189987718894848,-0.6869938143872218,0.11000000000000032
2023-02-17,2.538196221527855,0.0417008613534664,-0.6352526576676819,0.11000000000000032
2023-02-18,2.5347004050318573,0.03950184551798497,-0.5427457411085046,0.11000000000000032
2023-02-19,2.5324709950292488,0.037302829682503535,-0.7183520911869429,0.11000000000000032
2023-02-20,2.531318030546021,0.035103813847021215,-0.7779328171064128,1.17
2023-02-21,2.529557133399615,0.03290479801153978,-0.9246895525291082,1.2199999999999998
2023-02-22,2.546463764793538,0.03070578217605835,-0.8701261508975934,1.2199999999999998
2023-02-23,2.5622829866634875,0.04050676634057648,-0.7509646990586535,1.2199999999999998
2023-02-24,2.5847762555853744,0.020307750505095257,-0.7622536787065524,1.2199999999999998
2023-02-25,2.6084056429268463,0.020108734669613604,-0.6650430206274166,1.2199999999999998
2023-02-26,2.630574075301968,0.01990971883413195,-0.8710668992015852,1.2199999999999998
2023-02-27,2.6375671832888647,0.019710702998650298,-0.5449408204844849,2.54
2023-02-28,2.6385328774975165,0.3595116871631676,-0.39065809862985734,2.54
2023-03-01,2.47526910953409,0.2596153276450064,-0.18891985121831784,2.3099999999999996
2023-03-02,2.3751108418855784,0.15971896812684427,-0.1481540913786805,2.3099999999999996
2023-03-03,2.2633392612596954,0.05982260860868305,-0.14292771191206016,2.3099999999999996
2023-03-04,2.057740573080086,0.2199262490905216,-0.11235339203233227,2.3099999999999996
2023-03-05,1.9363228898325096,0.38002988957236017,-0.0449330969129313,2.3099999999999996
2023-03-06,1.935495767287451,0.5401335300541978,0.058121603660697754,3.7800000000000002
2023-03-07,1.937165882112912,0.5402371705360363,0.10871295689758126,0.39000000000000057
2023-03-08,1.948654603014919,0.24034081101787397,0.32038132529569896,0.39000000000000057
2023-03-09,1.9485566324521213,0.24044445149971239,0.34860377441544843,0.39000000000000057
2023-03-10,1.9595323375222384,0.34054809198155045,0.282004767497945,0.39000000000000057
2023-03-11,1.9700281367180636,0.34065173246338887,0.32653352055354845,0.39000000000000057
2023-03-12,1.979405759537418,0.3407553729452273,0.662067082310565,0.39000000000000057
2023-03-13,1.997462682903036,0.3408590134270657,0.5679922519114019,1.3000000000000007
2023-03-14,2.0193382199888696,0.3409626539089041,0.5142840760107883,1.3399999999999999
2023-03-15,2.0462080377952283,0.39106629439074325,0.6727746769788374,1.3399999999999999
2023-03-16,2.069202599898907,0.4411699348725815,0.7814833698845377,1.3399999999999999
2023-03-17,2.103592562708228,0.41627357535441956,0.8510315480724903,1.3399999999999999
2023-03-18,2.1356980195673514,0.3913772158362576,1.178411957861579,1.3399999999999999
2023-03-19,2.165110579629102,0.3664808563180957,1.3030611081404706,1.3399999999999999
2023-03-20,2.193127882402234,0.34158449679993375,1.2466162099009717,1.0899999999999999
2023-03-21,2.2174740835013096,0.34168813728177216,1.3500985233400515,1.0899999999999999
2023-03-22,2.2449204897345827,0.3417917777636106,1.481803285898881,1.0899999999999999
2023-03-23,2.2665574548322893,0.341895418245449,1.5570631502182115,1.0899999999999999
2023-03-24,2.2758966699948857,0.3419990587272874,1.6770608227718111,1.0899999999999999
2023-03-25,2.286141290011216,0.47210269920912573,1.5767143370127028,1.0899999999999999
2023-03-26,2.295452770311788,0.6022063396909632,1.5146249489492563,1.0899999999999999
2023-03-27,2.307785335600243,0.7323099801728024,1.5522548811089214,1.1099999999999994
2023-03-28,2.316796593280081,0.8624136206546407,1.4882839964374903,0.9399999999999995
2023-03-29,2.322969708534641,0.8625172611364791,1.2733372627375839,0.9399999999999995
2023-03-30,2.330542986052853,0.8326209016183173,1.1620601776368589,0.9399999999999995
2023-03-31,2.328922304326289,0.8027245421001563,0.9723426029985455,0.9399999999999995
2023-04-01,2.315959051052199,0.7730462110444849,0.9545729128120377,0.9599999999999991
2023-04-02,2.3944947949586783,0.7433678799888135,1.0528288467844973,0.9599999999999991
2023-04-03,2.419589139420477,0.713689548933143,1.015198914624832,0.9599999999999991
2023-04-04,2.46651182298948,0.6840112178774707,1.0340138807046646,0.9599999999999991
2023-04-05,2.4601144297468185,0.6543328868217992,0.8721624111315572,0.9599999999999991
2023-04-06,2.466173276874889,0.6246545557661278,0.7936173940046376,0.9599999999999991
2023-04-07,2.4704006063728947,0.5949762247104573,0.557959943854732,0.9599999999999991
2023-04-08,2.473080864426796,0.5652978936547859,0.5595278576947182,0.9599999999999991
2023-04-09,2.47472974151796,0.5356195625991145,0.5286922188416596,0.9599999999999991
2023-04-10,2.488203045861442,0.5059412315434431,0.4747559827461399,0.9799999999999986
2023-04-11,2.4707288508443472,0.47626290048777165,0.1591776880434909,3.8099999999999996
2023-04-12,2.448660321068457,0.44658456943210023,0.18740013716324033,3.8099999999999996
2023-04-13,2.441936152454792,0.4169062383764288,0.2072413741201543,3.8099999999999996
2023-04-14,2.438769491540361,0.3872279073207583,0.01649654558667784,3.8099999999999996
2023-04-15,2.421578228847145,0.3575495762650869,-0.001273144599830412,3.8099999999999996
2023-04-16,2.4041035940509845,0.3278712452094146,0.022245562999960614,3.8099999999999996
2023-04-17,2.3863020376152524,0.29819291415374405,-0.2152933837579271,3.740000000000001
2023-04-18,2.368152334941517,0.26851458309807263,-0.33591075559114014,5.5600000000000005
2023-04-19,2.3472797997270223,0.3288362520424011,-0.001721119982684071,5.5600000000000005
2023-04-20,2.329521522301736,0.3891579209867304,0.11044502395478063,5.5600000000000005
2023-04-21,2.319912552997982,0.44947958993105885,0.12119643314325591,5.5600000000000005
2023-04-22,2.317530574571397,0.5098012588753873,0.10238146706342328,5.5600000000000005
2023-04-23,2.316116352204358,0.5701229278197157,-0.017616205490175833,5.5600000000000005
2023-04-24,2.321188216877065,0.6304445967640442,0.11579900853045594,6.01
2023-04-25,2.3207632528331623,0.6907662657083735,0.1512579830655251,6.01
2023-04-26,2.3202676667706053,0.751087934652702,-0.012090131536659015,6.01
2023-04-27,2.323851632717579,0.8114096035970313,0.015325961893954533,6.01
2023-04-28,2.335479948786841,0.8717312725413588,-0.049861243816981086,6.01
2023-04-29,2.35099817135848,0.6653862748190207,-0.01995888701153269,6.01
2023-04-30,2.3657147293873777,0.4590412770966834,0.07971563567329563,6.01
2023-05-01,2.753270280064076,0.2525293845171621,0.10898336068636844,5.85
2023-05-02,2.706882537700685,0.28601749193764103,0.013340616447218527,5.85
2023-05-03,2.75303004152249,0.31950559935811995,-0.030672964918103583,5.85
2023-05-04,2.828670241580484,0.35299370677859887,-0.09809326003750406,5.85
2023-05-05,2.9012484044513056,0.4198151475324119,0.01871632104145692,5.85
2023-05-06,2.966968307101691,0.486636588286224,0.027855018851661435,5.85
2023-05-07,3.014143741409751,0.553458029040037,0.19530821696217246,5.85
2023-05-08,3.0745493985972066,0.5536128031271819,0.0922738789059452,5.1
2023-05-09,3.1194868894722863,0.6037675772143265,0.12348961808385012,2.38
2023-05-10,3.148391970922881,0.5955890179681393,0.16488254345948197,2.38
2023-05-11,3.158442222985379,0.5874104587219513,0.07593906744572765,2.38
2023-05-12,3.147212123100175,0.5792318994757641,0.005905582593016999,2.38
2023-05-13,3.1306930491152043,0.571053340229577,-0.034949772323191276,2.38
2023-05-14,3.1168213204809136,0.562874780983389,0.11180696309950357,2.38
2023-05-15,3.103864642205237,0.5546962217372018,0.11494279077947567,1.7600000000000007
2023-05-16,3.09100560788594,0.5598509958243474,0.04935172847339221,2.8400000000000007
2023-05-17,3.0903136298575187,0.565005769911493,-0.017284609726015112,2.8400000000000007
2023-05-18,3.090757148349575,0.5701605439986386,-0.05357061573712138,2.8400000000000007
2023-05-19,3.098106060941744,0.5753153180857842,-0.3564019745458564,2.8400000000000007
2023-05-20,3.0957989006067965,0.5804700921729298,-0.5451719089512116,2.8400000000000007
2023-05-21,3.093734419626226,0.5856248662600754,-0.6575241349707838,2.8400000000000007
2023-05-22,3.1018738701927613,0.590779640347221,-0.6831809068978275,2.8600000000000003
2023-05-23,3.110112921890533,0.5959344144343666,-0.7408801362093149,2.5300000000000002
2023-05-24,3.1248806745155644,0.6010891885215113,-0.8398012457502535,2.5300000000000002
2023-05-25,3.14120225490982,0.6062439626086569,-0.8470377711655738,2.5300000000000002
2023-05-26,3.1523920230616045,0.5563987366958028,-0.8436168682419679,2.5300000000000002
2023-05-27,3.150384739216335,0.5065535107829486,-0.9161888802641794,2.5300000000000002
2023-05-28,3.148413193995814,0.4567082848700945,-0.9137996782222957,2.5300000000000002
2023-05-29,3.1436248792250687,0.4068630589572395,-0.8842706342358916,2.5300000000000002
2023-05-30,3.133097966797564,0.3570178330443854,-0.9802062854561375,2.67
2023-05-31,3.1220504017216,0.3071726071315313,-1.0393689010182783,2.67
2023-06-01,2.553804102155153,0.2571845464110032,-1.0638524786734453,2.5900000000000007
2023-06-02,2.540899710514669,0.2605298190238079,-1.0450375125936127,2.5900000000000007
2023-06-03,2.576886529651008,0.2638750916366135,-1.1046182385130832,2.5900000000000007
2023-06-04,2.594368068476371,0.2672203642494182,-1.2300513457119668,2.5900000000000007
2023-06-05,2.57562203333456,0.2705656368622238,-1.222525359280034,2.62
2023-06-06,2.538864568058903,0.2739109094750285,-1.3475104910960654,2.58
2023-06-07,2.5638110839046884,0.2772561820878332,-1.179250937296419,2.58
2023-06-08,2.580864718119384,0.2806014547006388,-1.2245779010341982,2.58
2023-06-09,2.556891182011323,0.2839467273134435,-1.268479488553807,2.58
2023-06-10,2.547448098683764,0.2872919999262491,-1.1555896920748114,2.58
2023-06-11,2.539174706684012,0.2906372725390538,-1.1420011054615986,2.58
2023-06-12,2.5207031581860715,0.2939825451518585,-1.1814229391526765,-1.7599999999999998
2023-06-13,2.512206999214304,0.2973278177646641,-1.2701668624958877,-4.35
2023-06-14,2.4952190447494127,0.3006730903774688,-1.3203401053754413,-4.35
2023-06-15,2.477163648197922,0.3040183629902744,-1.3031975807249265,-4.35
2023-06-16,2.455134893709181,0.3073636356030791,-1.3541547805244745,-4.35
2023-06-17,2.4524423000319864,0.3107089082158838,-1.378345451198545,-4.35
2023-06-18,2.4499675022775773,0.3140541808286894,-1.511618127597359,-4.35
2023-06-19,2.453724848406577,0.3173994534414941,-1.5008667184088837,-0.9299999999999997
2023-06-20,2.452753845131663,0.3207447260542997,-1.5027482150168663,0.6900000000000004
2023-06-21,2.4564316884480566,0.3240899986671044,-1.4055945719864582,0.6900000000000004
2023-06-22,2.4649556819809764,0.3274352712799091,-1.4001068735465065,0.6900000000000004
2023-06-23,2.467909755150862,0.3307805438927147,-1.4722309101858655,0.6900000000000004
2023-06-24,2.4819526264273506,0.3341258165055194,-1.5152365469397686,0.6900000000000004
2023-06-25,2.494187242936152,0.337471089118325,-1.4757251181721203,0.6900000000000004
2023-06-26,2.5083443767265883,0.3408163617311297,-1.4569101520922871,0.6900000000000004
2023-06-27,2.527074167003389,0.34416163434393443,-1.5294821641144993,1.2000000000000002
2023-06-28,2.548117668159129,0.34750690695674,-1.641326684700171,1.2000000000000002
2023-06-29,2.5657223253438217,0.35085217956954473,-1.6394658638790893,1.2000000000000002
2023-06-30,2.5711469573916803,0.3541974521823503,-1.4945906250643775,1.2000000000000002
2023-07-01,2.71370944657892,0.35740269096331545,-1.4026867522898099,-0.03999999999999915
2023-07-02,2.7096732548418627,0.3637262093141729,-1.2801206875411857,-0.03999999999999915
2023-07-03,2.775743757876974,0.3700497276650303,-1.2754169460212272,-0.03999999999999915
2023-07-04,2.7479093022567804,0.3763732460158886,-1.256601979941395,2.250000000000001
2023-07-05,2.754791887528474,0.38269676436674605,-1.324335857828793,2.250000000000001
2023-07-06,2.7554781078248776,0.38902028271760347,-1.3705669173392385,2.250000000000001
2023-07-07,2.7460845401459744,0.3953438010684618,-1.4420637884426024,2.250000000000001
2023-07-08,2.7407446605203085,0.4016673194193192,-1.4389279607626309,2.250000000000001
2023-07-09,2.73534921694864,0.40799083777017664,-1.3636680964432997,2.250000000000001
2023-07-10,2.7090952320927184,0.41431435612103495,-1.4640145822024075,2.250000000000001
2023-07-11,2.6997019194007046,0.4206378744718915,-1.4433181195145919,2.660000000000001
2023-07-12,2.6968360296004423,0.4269613928227498,-1.2802550801560415,2.660000000000001
2023-07-13,2.7091430975386097,0.4332849111736081,-1.3081639465077932,2.660000000000001
2023-07-14,2.688839216555142,0.43960842952446466,-1.163915873229076,2.660000000000001
2023-07-15,2.6711853049721617,0.445931947875323,-1.2730426764921055,2.660000000000001
2023-07-16,2.6556948464617816,0.4522554662261813,-1.1813197168529208,2.660000000000001
2023-07-17,2.655887730750752,0.4585789845770387,-1.093516541813702,3.0100000000000007
2023-07-18,2.6580853234578203,0.46490250292789614,-1.0928445787394225,3.0100000000000007
2023-07-19,2.668136656883305,0.47122602127875446,-1.092844578739422,3.0100000000000007
2023-07-20,2.681332631404485,0.4775495396296119,-1.0243043451628884,3.0100000000000007
2023-07-21,2.697652728225816,0.4838730579804693,-1.0863937332263365,3.0100000000000007
2023-07-22,2.717462549363208,0.4901965763313276,-0.9350900476676823,3.0100000000000007
2023-07-23,2.735541108998838,0.49652009468218505,-0.8786451494281845,3.0100000000000007
2023-07-24,2.7530691086185155,0.5028436130330425,-0.854454478754114,3.0100000000000007
2023-07-25,2.761699761269059,0.5091671313838999,-0.8498231024883088,2.6800000000000006
2023-07-26,2.7796910458000164,0.5154906497347582,-0.8278723087285036,2.6800000000000006
2023-07-27,2.792503763469912,0.5218141680856156,-0.7801629304546426,2.6800000000000006
2023-07-28,2.808955527327545,0.5281376864364731,-0.6474128920024899,2.6800000000000006
2023-07-29,2.8370268485390926,0.5344612047873314,-0.6646151467040506,2.6800000000000006
2023-07-30,2.8635558744472527,0.5407847231381888,-0.6975413373437576,2.6800000000000006
2023-07-31,2.8865381680973603,0.5471082414890462,-0.7660815709202912,2.330000000000001
2023-08-01,3.7441160925404575,0.5533464558386116,-0.8062201652239345,4.91
2023-08-02,3.527176651396128,0.5479865431237307,-0.8109239067438924,4.91
2023-08-03,3.4910752745173035,0.5426266304088498,-0.8673688049833908,4.91
2023-08-04,3.542923673375391,0.5372667176939689,-0.8391463558636418,4.91
2023-08-05,3.5037440094095365,0.531906804979088,-0.8466723422955751,4.91
2023-08-06,3.4761093382515305,0.5265468922642063,-0.771412477976244,4.91
2023-08-07,3.455071805840866,0.5211869795493254,-0.8498081699755466,4.91
2023-08-08,3.428958686818772,0.5158270668344445,-1.010519338574118,5.300000000000001
2023-08-09,3.3886342650094234,0.5104671541195636,-1.0324701323339227,5.300000000000001
2023-08-10,3.3451384364057724,0.5051072414046835,-0.8979431248631186,5.300000000000001
2023-08-11,3.318551649160267,0.49974732868980265,-1.0108329213421148,5.300000000000001
2023-08-12,3.305214640023381,0.49438741597492175,-1.051688276258323,5.300000000000001
2023-08-13,3.2936400695588413,0.48902750326004085,-1.227294626336762,5.300000000000001
2023-08-14,3.291026396891941,0.48366759054515995,-1.1144048298577656,2.12
2023-08-15,3.283602038601418,0.47830767783027905,-1.2084796602569292,0.009999999999999787
2023-08-16,3.282599187071955,0.47294776511539727,-1.272764127696357,0.009999999999999787
2023-08-17,3.27483556742241,0.46758785240051637,-1.2216949340510976,0.009999999999999787
2023-08-18,3.245286798081424,0.46222793968563547,-1.2279665894110414,0.009999999999999787
2023-08-19,3.2054824129274917,0.45686802697075457,-1.0349787944779003,0.009999999999999787
2023-08-20,3.16933516323348,0.45150811425587367,-1.0851520373574546,0.009999999999999787
2023-08-21,3.13677763866267,0.4461482015409928,-1.1729552123966733,0.009999999999999787
2023-08-22,3.1194121640624672,0.4407882888261119,-1.1084467572658183,0.009999999999999787
2023-08-23,3.115473634925179,0.435428376111231,-0.920297096467491,0.009999999999999787
2023-08-24,3.1099986110544413,0.4300684633963501,-0.9550324184610282,0.009999999999999787
2023-08-25,3.091849667569702,0.4247085506814692,-0.9456249354211124,0.009999999999999787
2023-08-26,3.0658410939105725,0.4193486379665874,-0.8311672251021304,0.009999999999999787
2023-08-27,3.041532601866973,0.4139887252517074,-0.8905388958429357,0.009999999999999787
2023-08-28,3.0238057368004845,0.4086288125368265,-0.9102946102267605,0.009999999999999787
2023-08-29,3.0088786115316384,0.4032688998219456,-0.9926100868260284,-0.4399999999999995
2023-08-30,3.0069085642663045,0.3979089871070647,-0.9123104994495995,-0.4399999999999995
2023-08-31,3.0006918341635376,0.3925490743921838,-0.9415782244626723,-0.4399999999999995
2023-09-01,2.808428584074476,0.3872447386992022,-0.9204113876228607,-0.5300000000000002
2023-09-02,2.8096827515382774,0.38194040300622145,-0.7965461942639619,-0.5300000000000002
2023-09-03,2.810855337271349,0.37663606731323984,-0.7306938129845477,-0.5300000000000002
2023-09-04,2.8503270165024936,0.37133173162025823,-0.7212863299446314,-0.5300000000000002
2023-09-05,2.823797928655692,0.3660273959272766,-0.9141397322629164,-2.6499999999999995
2023-09-06,2.8044366176835287,0.3607230602342959,-0.9110039045829439,-2.6499999999999995
2023-09-07,2.7866911489697475,0.3554187245413143,-0.8380959110235924,-2.6499999999999995
2023-09-08,2.749539340375717,0.3501143888483327,-0.8018099050124866,-2.6499999999999995
2023-09-09,2.7410383553034907,0.34481005315535107,-0.9852558242908555,-2.6499999999999995
2023-09-10,2.7346980352581265,0.33950571746237035,-1.069923171650102,-2.6499999999999995
2023-09-11,2.7380708186928318,0.33420138176938874,-1.0968016946212922,-2.6499999999999995
2023-09-12,2.7446576598005863,0.32889704607640713,-1.1595182482207342,-3.1900000000000004
2023-09-13,2.767604885676421,0.3235927103834255,-1.244185595579981,-3.1900000000000004
2023-09-14,2.779145524785912,0.3182883746904457,-1.217307072608792,-3.1900000000000004
2023-09-15,2.763920338300996,0.3129840389974641,-1.1429879565934524,-3.1900000000000004
2023-09-16,2.766727823292147,0.30767970330448247,-1.1962970271529787,-3.1900000000000004
2023-09-17,2.770341947340564,0.30237536761150174,-1.2213836485927554,-3.1900000000000004
2023-09-18,2.7713658580349745,0.29707103191852013,-1.4452817449427648,-2.49
2023-09-19,2.774767548984452,0.2917666962255385,-1.3668860529434612,0.1800000000000006
2023-09-20,2.793596905900847,0.2864623605325569,-1.4139234681430433,0.1800000000000006
2023-09-21,2.8217494887391688,0.2811580248395762,-1.5442843045533126,0.1800000000000006
2023-09-22,2.834882989915651,0.2810002033078147,-1.6195441688726437,0.1800000000000006
2023-09-23,2.835585480472321,0.2810117774875538,-1.6885323778320298,0.1800000000000006
2023-09-24,2.836190415045662,0.28102335166729375,-1.6963719470319598,0.1800000000000006
2023-09-25,2.8247549117399315,0.2810349258470337,-1.8155333988709004,1.83
2023-09-26,2.816508545634019,0.28104650002677367,-1.7666144870633358,0.1899999999999995
2023-09-27,2.81011771930767,0.28105807420651274,-1.7242808133837122,0.1899999999999995
2023-09-28,2.802997797980331,0.2810696483862527,-1.640397422944458,0.1899999999999995
2023-09-29,2.7938727194448,0.28108122256599266,-1.7104831715918347,0.1899999999999995
2023-09-30,2.784291979770315,0.2810927967457326,-1.8254635198574791,0.1899999999999995
2023-10-01,2.3003728824358163,0.2811773642221942,-1.8560378397372073,0.5500000000000007
2023-10-02,2.302471260609068,0.28126193169865576,-1.8532155948252322,0.5500000000000007
2023-10-03,2.2836445191314523,0.28134649917511734,-1.824993145705483,0.5500000000000007
2023-10-04,2.270253589415959,0.2814310666515798,-1.8419266151773328,0.5500000000000007
2023-10-05,2.244553308760909,0.28151563412804137,-1.7901854584577928,0.5500000000000007
2023-10-06,2.194902640285387,0.28160020160450294,-1.7839138030978485,0.5500000000000007
2023-10-07,2.1537141546143324,0.2816847690809645,-1.8376708490402276,0.5500000000000007
2023-10-08,2.123870630090688,0.281769336557427,-1.8708210273713612,0.5500000000000007
2023-10-09,2.1285865297643256,0.28185390403388766,-1.8614135443314448,0.5400000000000009
2023-10-10,2.144003447850724,0.2819384715103501,-1.6920788496129509,1.5600000000000005
2023-10-11,2.1469962405858443,0.2820230389868117,-1.4775882363028583,1.5600000000000005
2023-10-12,2.1366673369559317,0.28210760646327326,-1.3835134059036946,1.5600000000000005
2023-10-13,2.133034737825027,0.28219217393973484,-1.2094749696652427,1.5600000000000005
2023-10-14,2.1240593721689085,0.2822767414161964,-1.0889695916777422,1.5600000000000005
2023-10-15,2.1158723980156533,0.28236130889265887,-1.114235403270661,1.5600000000000005
2023-10-16,2.121750457407939,0.28244587636911955,-1.1550011631102977,1.5600000000000005
2023-10-17,2.117517638385205,0.282530443845582,-1.1274058795265438,1.5600000000000005
2023-10-18,2.1154172075804927,0.2826150113220436,-1.1274058795265438,1.5600000000000005
2023-10-19,2.1079618290279027,0.28269957879850516,-1.2214807099257075,1.5600000000000005
2023-10-20,2.103215081859463,0.28278414627496673,-1.1979620023259163,1.5600000000000005
2023-10-21,2.0964570486466085,0.2828687137514292,-1.103887171926753,1.5600000000000005
2023-10-22,2.0897732852029245,0.28295328122789076,-1.1979620023259163,1.5600000000000005
2023-10-23,2.0818080808685333,0.28303784870435234,-1.2230486237656937,1.5700000000000003
2023-10-24,2.077469965227549,0.2831224161808139,-1.1744432947261254,3.08
2023-10-25,2.0847531386146128,0.28320698365727637,-1.1556283286462927,3.08
2023-10-26,2.081041954986764,0.28329155113373705,-1.272281118341255,3.08
2023-10-27,2.0787933641079968,0.2833761186101995,-1.1876137709820083,3.08
2023-10-28,2.079896381716729,0.2834606860866611,-1.22613965390738,3.08
2023-10-29,2.080980404630146,0.28354525356312354,-1.25875226177909,3.08
2023-10-30,2.087948527770888,0.28362982103958423,-1.1458624653000937,3.08
2023-10-31,2.087894313898196,0.2837143885160458,-1.1082325331404286,3.1900000000000004
2023-11-01,1.808710515707216,0.2837956998567819,-1.1199396231456582,3.1800000000000006
2023-11-02,1.839080771838462,0.28387701119751707,-1.1481620722654071,3.1800000000000006
2023-11-03,1.88676868751714,0.28395832253825315,-1.113757562862284,3.1800000000000006
2023-11-04,1.859598027401825,0.28403963387898834,-1.1177893413079623,3.1800000000000006
2023-11-05,1.846583636264756,0.2841209452197244,-1.0660481845884229,3.1800000000000006
2023-11-06,1.8929372514099907,0.2842022565604596,-1.0122911386460436,3.1800000000000006
2023-11-07,1.8875710158452776,0.2842835679011957,-1.0028836556061276,0.009999999999999787
2023-11-08,1.84362938597226,0.2843648792419309,-0.8053265117678846,0.009999999999999787
2023-11-09,1.8064914044280735,0.28444619058266696,-0.9777970341663503,0.009999999999999787
2023-11-10,1.775816255011425,0.28452750192340215,-1.2111026135562755,0.009999999999999787
2023-11-11,1.7389068336484803,0.2846088132641382,-1.2534362872358993,0.009999999999999787
2023-11-12,1.7086534732451728,0.2846901246048734,-1.3898447913146859,0.009999999999999787
2023-11-13,1.6857051684586086,0.2847714359456095,-1.55133991683325,0.009999999999999787
2023-11-14,1.6734325705241897,0.2848527472863447,-1.5528331681094276,0.009999999999999787
2023-11-15,1.663348937518696,0.28493405862708077,-1.4650299930702082,0.009999999999999787
2023-11-16,1.6661838382806866,0.28501536996781685,-1.4021342493176243,0.009999999999999787
2023-11-17,1.6687729442704569,0.2850966813085529,-1.3602281885034515,0.009999999999999787
2023-11-18,1.653831787918004,0.2851779926492881,-1.3527022020715183,0.009999999999999787
2023-11-19,1.6408044725863524,0.28971652864889297,-1.2539236301523966,0.009999999999999787
2023-11-20,1.6388012459029178,0.2942550646484978,-1.1739600243131079,-3.5200000000000005
2023-11-21,1.6462957516921577,0.29879360064810356,-1.2250292179583682,-3.5200000000000005
2023-11-22,1.650889245909454,0.3033321366477084,-1.1246827321992605,-3.5200000000000005
2023-11-23,1.6510754664514022,0.30787067264731327,-0.9584838651607385,-3.5200000000000005
2023-11-24,1.6481293706631952,0.3124092086469181,-0.9208539330010732,-3.5200000000000005
2023-11-25,1.6445218599680218,0.316947744646523,-0.838068082249809,-3.5200000000000005
2023-11-26,1.6413802393321464,0.3214862806461287,-0.8035739777701163,-3.5200000000000005
2023-11-27,1.6473305823553792,0.3260248166457336,-0.8324683899641447,-1.5300000000000011
2023-11-28,1.6600357093868652,0.3305633526453384,-0.7603443533247859,-2.09
2023-11-29,1.6794394632624237,0.3351018886449433,-0.7842906737900273,-2.09
2023-11-30,1.7019529394778907,0.33964042464454813,-0.667637884095065,-2.09
2023-12-01,1.994694557730264,0.34420376423311705,-0.6277083449700863,-0.5399999999999991
2023-12-02,1.8811443871798332,0.34876710382168596,-0.564207834450651,-0.5399999999999991
2023-12-03,1.842792736157887,0.353330443410254,-0.5471847699022311,-0.5399999999999991
2023-12-04,1.8248940187015483,0.357893782998822,-0.6202943523838672,-0.5499999999999989
2023-12-05,1.815774745153807,0.36245712258739093,-0.6364961287303896,-0.5499999999999989
2023-12-06,1.809099837714768,0.36702046217595985,-0.594162455050766,-0.5499999999999989
2023-12-07,1.8111308951530527,0.3715838017645279,-0.4580675337399765,-0.5499999999999989
2023-12-08,1.8045400767466968,0.3761471413530959,-0.6462171945383032,-0.5499999999999989
2023-12-09,1.7985582726260627,0.38071048094166393,-0.5809919787948831,-0.5499999999999989
2023-12-10,1.796318346336656,0.38527382053023373,-0.35521238583689063,-0.5499999999999989
2023-12-11,1.7827854909834862,0.38983716011880176,-0.37873109343668165,-2.26
2023-12-12,1.7708728159248337,0.3944004997073698,-0.30242595322402677,-2.26
2023-12-13,1.7650983348779703,0.40318814485149357,-0.22515019968185684,-2.26
2023-12-14,1.7739907454665511,0.41197578999561824,-0.2312318048793784,-2.26
2023-12-15,1.7889546979003197,0.420763435139742,-0.21320079571953893,-2.26
2023-12-16,1.8000489894240723,0.4295510802838658,-0.20648116497674157,-2.26
2023-12-17,1.8099414914651053,0.4383387254279896,-0.22016477667116494,-2.26
2023-12-18,1.818941329062667,0.44712637057211424,-0.15948651106370454,-2.129999999999999
2023-12-19,1.8348704684281407,0.455914015716238,-0.22399496619456025,-1.92
2023-12-20,1.837758700337017,0.4647016608603618,-0.26737391576750724,-1.92
2023-12-21,1.829099782222385,0.4734893060044856,-0.20376141140235887,-1.92
2023-12-22,1.8267613057668728,0.48227695114861024,-0.26647796500180143,-1.92
2023-12-23,1.825893070274592,0.491064596292734,-0.5128644255710386,-1.92
2023-12-24,1.824919750390211,0.4998522414368569,-0.4564195273315403,-1.92
2023-12-25,1.8237635219898205,0.5086398865809807,-0.5730723170265031,-1.6500000000000004
2023-12-26,1.817675965922064,0.5174275317251054,-0.7204562179851924,0.9400000000000004
2023-12-27,1.8158242396445203,0.5262151768692291,-0.6906658550254577,0.9400000000000004
2023-12-28,1.80830515471018,0.5350028220133529,-0.7533824086248994,0.9400000000000004
2023-12-29,1.8192891046964492,0.5437904671574767,-0.8297825739187662,0.9400000000000004
2023-12-30,1.8291563306908567,0.5525781123016014,-0.9934727788133102,0.9400000000000004
2023-12-31,1.8380149027571304,0.5613657574457251,-1.0166779036451044,0.9400000000000004
2024-01-01,2.162521649404097,0.5652407407407392,-1.1115366909642608,-0.39000000000000057
2024-01-02,2.1020175605364573,0.5738416666666648,-1.0049185498452087,-0.39000000000000057
2024-01-03,2.0488564887984078,0.5824425925925913,-0.9873579148373646,-0.39000000000000057
2024-01-04,1.975887744499036,0.591043518518517,-0.679524164253435,-0.39000000000000057
2024-01-05,2.0601047362435425,0.5996444444444426,-0.6371904905738114,-0.39000000000000057
2024-01-06,2.115321803114117,0.6082453703703683,-0.5506416466065815,-0.39000000000000057
2024-01-07,2.153967484342445,0.6168462962962948,-0.3836588226480664,-0.39000000000000057
2024-01-08,2.1721767666647844,0.6254472222222205,-0.2975803528328319,-0.39000000000000057
2024-01-09,2.1363652050259945,0.6340481481481461,-0.39971874012335235,-0.5700000000000003
2024-01-10,2.1088572183459897,0.6426490740740727,-0.3401380142038819,-0.5700000000000003
2024-01-11,2.1030194402198763,0.6512499999999983,-0.12481118017912962,-0.5700000000000003
2024-01-12,2.055602521785059,0.659850925925924,-0.21933398596114687,-0.5700000000000003
2024-01-13,2.0159396501396465,0.6684518518518505,-0.30314610758949295,-0.5700000000000003
2024-01-14,1.982369243828766,0.6770527777777762,-0.33372042746922087,-0.5700000000000003
2024-01-15,1.9889155979344917,0.6856537037037018,-0.42779525786838446,1.4000000000000004
2024-01-16,2.0078270314997644,0.6942546296296275,-0.4424291203749206,1.6800000000000006
2024-01-17,2.0178192604880616,0.702855555555554,-0.4510526464948443,1.6800000000000006
2024-01-18,2.034703524477351,0.7114564814814788,-0.3658477286761724,1.6800000000000006
2024-01-19,2.0589450409720573,0.7200574074074044,-0.31400204436730084,1.6800000000000006
2024-01-20,2.0814961322251784,0.728658333333331,-0.190136851008402,1.6800000000000006
2024-01-21,2.1025982875569404,0.7372592592592566,-0.13996360812884834,1.6800000000000006
2024-01-22,2.1223463229441624,0.7458601851851823,0.20676933819949667,1.7700000000000005
2024-01-23,2.125922063552088,0.7544611111111088,0.18168271675971984,1.87
2024-01-24,2.127320891256635,0.7630620370370345,0.30021700306266574,1.87
2024-01-25,2.123823498863973,0.7716629629629601,0.3472544182622473,1.87
2024-01-26,2.149299402548986,0.7802638888888858,0.322167796822471,1.87
2024-01-27,2.155967286687205,0.7888648148148123,0.40840305802170357,1.87
2024-01-28,2.16231780273424,0.797465740740738,0.5150211991407561,1.87
2024-01-29,2.178829330329485,0.8060666666666636,0.5746019250602256,2.25
2024-01-30,2.179663765375087,0.8146675925925901,0.6540428929528525,1.1100000000000003
2024-01-31,2.187154803768886,0.8232685185185158,0.7857476555116818,1.1100000000000003
2024-02-01,2.60065529666488,0.8318694444444414,0.7716364309518071,1.67
2024-02-02,2.499672815294653,0.840470370370368,0.7841797416716946,1.67
2024-02-03,2.7007727751792814,0.8490712962962936,0.5662397179136336,1.67
2024-02-04,2.6371394044151613,0.8576722222222193,0.5097948196741358,1.67
2024-02-05,2.5927826740495554,0.8662731481481458,0.31411917244387527,1.67
2024-02-06,2.5269600004183976,0.8748740740740715,0.2600261449643564,1.3899999999999997
2024-02-07,2.4723180805114806,0.8834749999999971,0.4176014858829552,1.3899999999999997
2024-02-08,2.4860803718786104,0.8920759259259219,0.45493276778738534,1.3899999999999997
2024-02-09,2.506678107130993,0.9006768518518493,0.6211316348259073,1.3899999999999997
2024-02-10,2.5228141503425072,0.9092777777777741,0.47061190618724535,1.3899999999999997
2024-02-11,2.5357081905271426,0.9181287037037,0.6863568505693275,1.3899999999999997
2024-02-12,2.546170728441618,0.926979629629626,0.6675418844894948,1.3899999999999997
2024-02-13,2.552493297515346,0.935830555555552,0.6487269184096622,1.54
2024-02-14,2.561077103588171,0.9446814814814779,0.8180616131281568,1.54
2024-02-15,2.549089527288792,0.9535324074074039,0.9576806074507235,1.54
2024-02-16,2.536242345605065,0.9623833333333298,1.0699432383937246,1.54
2024-02-17,2.5765597579892874,0.9512342592592562,1.2481478456927135,1.54
2024-02-18,2.6118165559216067,0.9620851851851819,1.2987391989295964,1.54
2024-02-19,2.615121053390655,0.9729361111111077,1.2853516269112533,1.6500000000000004
2024-02-20,2.6352598162616245,0.9837870370370343,1.4104546469859305,0.5900000000000007
2024-02-21,2.649952149639065,0.99463796296296,1.1815392263479656,0.5900000000000007
2024-02-22,2.6468451147085976,1.0054888888888858,1.172416818551683,0.5900000000000007
2024-02-23,2.6513510904643187,0.9966958333333311,1.2095336152728078,0.5900000000000007
2024-02-24,2.677518959491332,1.0179027777777758,1.1681406898971753,0.5900000000000007
2024-02-25,2.7013298719873777,1.01910972222222,1.2402647265365343,0.5900000000000007
2024-02-26,2.7097012340144406,1.0203166666666652,1.2136101912567712,-0.040000000000000036
2024-02-27,2.696483991106596,0.9949708333333316,1.2669192618162983,-1.3600000000000003
2024-02-28,2.680984782949213,0.629624999999999,1.3076850216559353,-1.3600000000000003
2024-02-29,2.6684999660713404,0.704279166666665,1.2251082260833368,-0.9900000000000002
2024-03-01,2.48198792790071,0.7789333333333319,1.20002160464356,1.051400000000001
2024-03-02,2.5575981187896506,0.8797379629629614,1.0523241209168732,1.051400000000001
2024-03-03,2.58614072271277,0.7205425925925901,1.1356475421275607,1.051400000000001
2024-03-04,2.589708208706766,0.5613472222222198,1.0572518501282575,1.051400000000001
2024-03-05,2.62703605769442,0.40215185185184943,1.0188982654270597,-0.41859999999999964
2024-03-06,2.6287657731899468,0.4029564814814792,1.0405354764188668,-0.41859999999999964
2024-03-07,2.636834816192363,0.7037611111111097,0.9545242029110604,-0.41859999999999964
2024-03-08,2.684115663569752,0.7045657407407386,0.7898932497125247,-0.41859999999999964
2024-03-09,2.695441211336819,0.6053703703703688,0.9111452533381135,-0.41859999999999964
2024-03-10,2.70488833486979,0.6061749999999986,0.7173511027158366,-0.41859999999999964
2024-03-11,2.695013247033942,0.6069796296296275,0.6474669429907439,-0.41859999999999964
2024-03-12,2.7076820090480886,0.6077842592592573,0.5289326566877985,-1.3285999999999998
2024-03-13,2.720806233738425,0.6085888888888871,0.6418224531667942,-1.3285999999999998
2024-03-14,2.731459171210361,0.5658305555555536,0.714991765699477,-1.3285999999999998
2024-03-15,2.732586808508871,0.5230722222222193,0.678929747379797,-1.3285999999999998
2024-03-16,2.7303447763540074,0.5553138888888869,0.6715381535627202,-1.3285999999999998
2024-03-17,2.727706141848201,0.5875555555555536,0.6125845931792453,-1.3285999999999998
2024-03-18,2.7288295618604805,0.6197972222222212,0.2984418559534676,-1.3285999999999998
2024-03-19,2.7372969739832302,0.6520388888888888,0.2629024755804496,-1.0785999999999998
2024-03-20,2.759203791136688,0.6592805555555552,0.3261497077103487,-1.0785999999999998
2024-03-21,2.7727058514313425,0.6665222222222225,0.22142956755549026,-1.0785999999999998
2024-03-22,2.78547637078738,0.6737638888888888,0.19634294611571293,-1.0785999999999998
2024-03-23,2.7975795956610767,0.6810055555555561,0.1082546958328608,-1.0785999999999998
2024-03-24,2.8090989378627267,0.5582472222222226,-0.028581421111377292,-1.0785999999999998
2024-03-25,2.8244210561502574,0.4354888888888899,-0.03736173861529908,-1.0785999999999998
2024-03-26,2.8298257892823035,0.3066383597883604,-0.14442785511720427,-1.0985999999999994
2024-03-27,2.845155588160386,0.17778783068783088,-0.246484792338115,-1.0985999999999994
2024-03-28,2.863691851105414,0.17893730158730214,-0.3324064707693508,-1.0985999999999994
2024-03-29,2.880967964814814,0.21008677248677277,-0.43275295652845863,-1.0985999999999994
2024-03-30,2.8971267617209606,0.2412362433862434,-0.5738652021272038,-1.0985999999999994
2024-03-31,2.912309709072449,0.272385714285714,-0.7526073798856142,-1.118599999999999
2024-04-01,4.10166207075117,0.3035351851851855,-0.7708847755060232,-1.118599999999999
2024-04-02,4.196651561403316,0.33468465608465525,-0.809522652277108,-1.118599999999999
2024-04-03,3.881891788188416,0.36583412698412676,-0.8001151692371916,-1.118599999999999
2024-04-04,3.705356645838541,0.3969835978835974,-0.7225637385363433,-1.118599999999999
2024-04-05,3.2749006053666747,0.4281330687830689,-0.5793134286103444,-1.118599999999999
2024-04-06,2.805869165413275,0.4592825396825395,-0.573937724016106,-1.118599999999999
2024-04-07,2.471520985800216,0.49043201058201014,-0.6209751392156876,-1.118599999999999
2024-04-08,2.607519448510743,0.5215814814814816,-0.784038178574238,-3.4479968419568587
2024-04-09,2.70171616423496,0.5527309523809514,-0.7855876463690472,-3.4679968419568583
2024-04-10,2.8094839415765374,0.5838804232804229,-0.7272015214705192,-3.4679968419568583
2024-04-11,2.8811490469595733,0.6150298941798935,-0.719048369502592,-3.4679968419568583
2024-04-12,2.954512039993137,0.646179365079365,-0.6406526775032884,-3.4679968419568583
2024-04-13,3.0111304587723486,0.6773288359788348,-0.3751526005989829,-3.4679968419568583
2024-04-14,3.0615402031723087,0.7084783068783063,-0.32027561619947037,-3.4679968419568583
2024-04-15,3.112556650987313,0.7396277777777769,-0.4087914793477744,-2.5499065533836367
2024-04-16,3.1506585302193386,0.7707772486772484,-0.33353161502844436,-2.479906553383638
2024-04-17,3.1780326177559464,0.801926719576719,-0.2830970531755595,-2.479906553383638
2024-04-18,3.212283029161285,0.7430761904761898,-0.3971627850345452,-2.479906553383638
2024-04-19,3.249694900066712,0.6842256613756597,-0.5968702107104831,-2.479906553383638
2024-04-20,3.263965328438433,0.6253751322751322,-0.6329322290301626,-2.479906553383638
2024-04-21,3.276200926492318,0.5665246031746021,-0.6823215149897235,-2.479906553383638
2024-04-22,3.2867165729839543,0.5076740740740728,-0.6540990658699746,-3.499469953775039
2024-04-23,3.2906411138405143,0.4488235449735436,-0.5150773720578772,-3.949469953775038
2024-04-24,3.303436119068973,0.38997301587301525,-0.3952887546829422,-3.949469953775038
2024-04-25,3.276235687393385,0.331122486772486,-0.32955854850794286,-3.949469953775038
2024-04-26,3.2782311424077224,0.2722719576719559,-0.2408288789269132,-3.949469953775038
2024-04-27,3.2798773321257872,0.21342142857142843,0.048921598702509846,-3.949469953775038
2024-04-28,3.2812116778293228,0.4212375661375658,0.09177791032879543,-3.949469953775038
2024-04-29,3.2594549309469625,0.6290537037037023,0.2689521742472205,-3.8600000000000003
2024-04-30,3.2431072636908858,0.8368698412698397,0.4627463248694964,-3.7
2024-05-01,2.791884567311861,0.8046859788359786,0.4837604428287907,-3.7
2024-05-02,2.7825969280017246,0.7725021164021157,0.6323559135729231,-3.7
2024-05-03,2.7023985426891883,0.7403182539682529,0.7849661939982328,-3.7
2024-05-04,2.666335127931503,0.674801058201056,1.004474131596282,-3.7
2024-05-05,2.647925701395757,0.6092838624338617,0.9524764071574708,-3.7
2024-05-06,2.6543167050214507,0.5437666666666647,1.0656105538452962,-3.7
2024-05-07,2.629318164520764,0.5679055555555532,1.0965208552621646,-2.95
2024-05-08,2.659339767918685,0.5420444444444446,1.228225617820993,-2.95
2024-05-09,2.6710945508009534,0.5745166666666659,1.337557962730273,-2.95
2024-05-10,2.665402249185421,0.6069888888888881,1.3450949520663458,-2.95
2024-05-11,2.662984169115927,0.6394611111111095,1.3689272424341337,-2.95
2024-05-12,2.6620653733648614,0.6719333333333308,1.2458460059952283,-2.95
2024-05-13,2.6790785036500058,0.7044055555555548,1.0397773298827748,-1.2400000000000002
2024-05-14,2.7036034272845577,0.7368777777777762,0.9306505266197453,-0.620000000000001
2024-05-15,2.7342627560717188,0.7560166666666648,0.9768327160884257,-0.620000000000001
2024-05-16,2.7651562021011418,0.7751555555555552,0.8410961750839184,-0.620000000000001
2024-05-17,2.801295449473028,0.7942944444444437,0.8941439266701134,-0.620000000000001
2024-05-18,2.842582018259108,0.8134333333333323,0.9831230370893228,-0.620000000000001
2024-05-19,2.880360629765873,0.8325722222222209,0.9965622985749175,-0.620000000000001
2024-05-20,2.9395703803252475,0.8517111111111095,1.159625337933467,-3.3100000000000005
2024-05-21,2.988543254973208,0.8708499999999999,1.2121504515729995,-3.33
2024-05-22,3.0309482673081054,0.8899888888888885,1.2936819712522742,-3.33
2024-05-23,3.0655210751350865,0.9429222222222213,1.3145874891187557,-3.33
2024-05-24,3.111467370501378,0.9445055555555548,1.3629932654877797,-3.33
2024-05-25,3.1596403777778064,1.001088888888888,1.4239280988145093,-3.33
2024-05-26,3.20409827033416,1.0576722222222212,1.407987641441319,-3.33
2024-05-27,3.250203918675349,1.1142555555555544,1.232773269822877,-0.4500000000000002
2024-05-28,3.3020669615566947,1.1708388888888885,1.3404366868352535,-0.4500000000000002
2024-05-29,3.353192686141074,1.2274222222222217,1.3645825599710386,-0.4500000000000002
2024-05-30,3.399636190041568,1.284005555555555,1.348276256035184,-0.4500000000000002
2024-05-31,3.440026317657873,1.3405888888888882,1.404419309899069,-0.4300000000000006
2024-06-01,5.033403801243142,1.3438388888888886,1.3562823187597575,-0.5700000000000003
2024-06-02,5.036221360691767,1.3470888888888881,1.3132415466817073,-0.5700000000000003
2024-06-03,5.065185740862233,1.3503388888888868,1.0253725656602675,-0.5700000000000003
2024-06-04,5.068311959367848,1.3535888888888863,1.0023242322124732,-0.5999999999999996
2024-06-05,5.192843386763212,1.3568388888888867,0.8733989532790742,-0.5999999999999996
2024-06-06,5.2939858111912494,1.3600888888888871,0.8169540550395753,-0.5999999999999996
2024-06-07,5.300319313966874,1.3633388888888867,0.7093710438651478,-0.5999999999999996
2024-06-08,5.303926084464163,1.366588888888887,0.5858520133020911,-0.5999999999999996
2024-06-09,5.306466559094785,1.3698388888888866,0.4737874346336134,-0.5999999999999996
2024-06-10,5.281954053364513,1.373088888888887,0.49511106285742407,-0.5999999999999996
2024-06-11,5.235080014008267,1.3763388888888874,0.5927572525587774,3.74
2024-06-12,5.175905686578663,1.379588888888887,0.6424265231326216,3.74
2024-06-13,5.103073490599976,1.3828388888888874,0.6563025606164986,3.74
2024-06-14,5.02688513153906,1.386088888888887,0.5892742439570945,3.74
2024-06-15,4.94695982542468,1.3859740740740731,0.5901701947228009,3.74
2024-06-16,4.877016835880467,1.3858592592592576,0.6046174008198155,3.74
2024-06-17,4.808286321893562,1.385744444444443,0.5983457454598713,2.0699999999999994
2024-06-18,4.752924708780933,1.4162055555555542,0.535959278984636,-1.3500000000000005
2024-06-19,4.668859172955751,1.422527777777776,0.3572171012262262,-1.3500000000000005
2024-06-20,4.604976260819159,1.4433333333333316,0.2745452805724155,-1.3500000000000005
2024-06-21,4.545672605147942,1.4496555555555544,0.2193547134049062,-1.3500000000000005
2024-06-22,4.491369552525913,1.4318388888888878,0.1679753829561325,-1.3500000000000005
2024-06-23,4.441509216556354,1.4333333333333318,0.14528339356287917,-1.3500000000000005
2024-06-24,4.370852414479625,1.4203444444444422,0.11125966323518242,-0.5
2024-06-25,4.303779620730439,1.4508055555555535,0.209515597207642,-0.5
2024-06-26,4.242465261900363,1.5174749999999992,0.12288835754841208,-0.5
2024-06-27,4.176903054925565,1.6388592592592577,0.151110806668161,-0.5
2024-06-28,4.123625230152703,1.6339166666666651,0.09090291521269603,-0.5
2024-06-29,4.0742981235517295,1.63541111111111,-0.09599241451364113,-0.5
2024-06-30,4.028309621103146,1.5934555555555558,-0.044804639149390875,-1.3900000000000006
2024-07-01,2.3377007134558414,1.5918317204301067,-0.1335037649543166,0.019999999999999574
2024-07-02,2.5143682301376646,1.6095189964157681,-0.17722089202216296,0.019999999999999574
2024-07-03,2.5628178768935643,1.627206272401434,-0.1437815659439147,0.019999999999999574
2024-07-04,2.559948758503198,1.746276881720429,-0.0972868901504818,0.019999999999999574
2024-07-05,2.707005246257753,2.171911379928315,-0.07215900782017912,0.019999999999999574
2024-07-06,2.7674893115755594,2.1823569892473103,-0.08022256471153595,0.019999999999999574
2024-07-07,2.809593558087428,2.2048720430107513,-0.07612186697618782,0.019999999999999574
2024-07-08,2.8421160203377958,2.145314874551972,-0.04951484423703073,0.019999999999999574
2024-07-09,3.013017354428516,2.1581743727598557,-0.05151037094246689,0.019999999999999574
2024-07-10,3.1593296555581167,2.1517227598566304,-0.10481944150199314,0.019999999999999574
2024-07-11,3.313126262862257,2.1742378136200697,-0.16718756980366026,0.019999999999999574
2024-07-12,3.426763675451456,2.2933084229390683,0.08328666613411219,0.019999999999999574
2024-07-13,3.544196565951729,2.5330734767025067,0.06878346311424115,0.019999999999999574
2024-07-14,3.6496170936658183,2.4445496415770576,0.21107164409297577,0.019999999999999574
2024-07-15,3.844692655072136,2.39947580645161,0.2683004992524668,-3.700000000000001
2024-07-16,3.922252034833152,2.3592297491039425,0.11509291831668637,-4.050000000000001
2024-07-17,3.9860472553563007,2.290017025089605,0.08373464151696484,-4.050000000000001
2024-07-18,4.025214734269482,2.377707078853044,0.16963981559199065,-4.050000000000001
2024-07-19,4.019034124061816,2.426774910394263,0.18375104015186486,-4.050000000000001
2024-07-20,4.020862772679724,2.410667741935481,0.12217478752695773,-4.050000000000001
2024-07-21,4.02193227681937,2.3704216845878108,0.12217478752695823,-4.050000000000001
2024-07-22,3.9867311879029006,2.4025922939068103,0.1759059887357114,-0.33999999999999986
2024-07-23,3.9633656026876554,2.4009684587813593,0.21496944212050603,-0.33999999999999986
2024-07-24,3.960356750968696,2.4669335125448013,0.22547446484841274,-0.33999999999999986
2024-07-25,3.950898672329808,2.6246263440860194,0.11023279760943756,-0.33999999999999986
2024-07-26,3.944451581133012,3.0237080645161276,0.10239322840950807,-0.33999999999999986
2024-07-27,3.9450183427643255,3.178987007168458,-0.060669810949042315,-0.33999999999999986
2024-07-28,3.9464806141589617,3.334265949820786,0.02817863998350095,-0.33999999999999986
2024-07-29,3.951778555157856,3.385747670250894,0.16406450611562626,-1.6100000000000003
2024-07-30,3.951316472607647,2.8337571684587806,0.16053669997565734,-1.2600000000000007
2024-07-31,3.9607714566589727,4.734277777777775,0.2713359446680053,-1.2600000000000007
2024-08-01,3.800554606265168,5.495776143790842,0.242006732837678,-4.130000000000001
2024-08-02,3.72486597875706,5.251487472766881,0.314871965110484,-4.130000000000001
2024-08-03,3.5999998357444665,5.232495098039212,0.3278012238525229,-4.130000000000001
2024-08-04,3.527490383572961,5.189363834422656,0.3332476614019481,-4.130000000000001
2024-08-05,3.662632589136817,5.001399237472764,0.42140921674745024,-3.450000000000001
2024-08-06,3.7637960011045046,5.10310130718954,0.5468423239463344,-3.450000000000001
2024-08-07,4.100823357678528,5.126025599128541,0.7376051744779728,-3.450000000000001
2024-08-08,4.332472721046941,4.28924903636668,0.8154877310387344,-3.450000000000001
2024-08-09,4.505158993904439,3.55215196078431,0.8447004415311052,-3.450000000000001
2024-08-10,4.670062189525572,3.46979847494553,0.8936193533386708,-3.450000000000001
2024-08-11,4.806749467361051,3.4991116557734196,0.6839668741633921,-3.450000000000001
2024-08-12,4.887431633130313,3.51175816993464,0.7161091078831068,-3.8500000000000005
2024-08-13,4.911748952015265,3.4909046840958604,0.6921627874178639,-0.6699999999999999
2024-08-14,4.937702999740026,3.50705119825708,0.7516564070128916,-0.6699999999999999
2024-08-15,4.934809561129925,3.542197712418301,0.9962509660507167,-0.6699999999999999
2024-08-16,4.950554898771118,3.67734422657952,1.1011130436689833,-0.6699999999999999
2024-08-17,4.981699213206846,3.7974907407407406,1.1555420526856421,-0.6699999999999999
2024-08-18,5.00076660627771,3.680137254901962,1.5208659774023936,-0.6699999999999999
2024-08-19,5.034438875883235,3.6577837690631805,1.6381828247237038,0.14999999999999947
2024-08-20,5.086301878415592,3.652930283224401,1.6306568382917705,0.14999999999999947
2024-08-21,5.107985577994599,3.648076797385621,1.5875392076921537,0.14999999999999947
2024-08-22,5.128859804682107,3.5532233115468417,1.5095914910757033,0.14999999999999947
2024-08-23,5.1516259916721205,3.4983698257080613,1.5229187587155855,0.14999999999999947
2024-08-24,5.183362843497759,3.441516339869282,1.595826752274937,0.14999999999999947
2024-08-25,5.212323094242281,3.4419961873638316,1.604450278394861,0.14999999999999947
2024-08-26,5.23344348496647,3.433809368191721,1.6640310043143305,-0.3799999999999999
2024-08-27,5.241328213367641,3.486455882352942,1.5866805882083523,-0.3799999999999999
2024-08-28,5.232385784475432,3.534102396514161,1.5661931806992013,-0.3799999999999999
2024-08-29,5.215089276012625,3.556748910675381,1.508572347079714,-0.3799999999999999
2024-08-30,5.194390989790607,3.5293954248366024,1.438090886844149,-0.3799999999999999
2024-08-31,5.184630651117348,3.4645419389978223,1.6226435688330958,-0.3799999999999999
2024-09-01,5.29568911426823,3.444688453159042,1.7305160410241374,0.9199999999999999
2024-09-02,5.312760251949575,3.433168300653593,1.832027262778663,0.9199999999999999
2024-09-03,5.2597361947283146,3.4499814814814833,1.882827671194212,0.9199999999999999
2024-09-04,5.308628497458355,3.435127995642702,1.798473906602962,0.9199999999999999
2024-09-05,5.374754823275386,3.2702745098039223,1.7033538003104751,0.9199999999999999
2024-09-06,5.455560600110132,3.1954210239651424,1.697395727718528,0.9199999999999999
2024-09-07,5.559365829734665,2.9715675381263633,1.709311872902422,0.9199999999999999
2024-09-08,5.63549893233935,2.949047385620913,1.8071001834489206,0.9199999999999999
2024-09-09,5.696907284656223,2.9418605664488027,1.9322197078798076,3.1900000000000004
2024-09-10,5.751293964716383,2.938507080610023,1.798499056098139,3.1900000000000004
2024-09-11,5.801637347644201,3.2144869281045736,1.7430621024700603,3.1900000000000004
2024-09-12,5.858739777144064,3.4113001089324637,1.6494148849363475,3.1900000000000004
2024-09-13,5.892262895180486,3.506446623093683,1.7710153138597102,3.1900000000000004
2024-09-14,5.921565149131088,3.301593137254904,1.7258593952681127,3.1900000000000004
2024-09-15,5.946032205893933,3.3367396514161234,1.5444831222585256,3.1900000000000004
2024-09-16,5.979746737983554,3.291886165577343,1.4524241810822023,3.1900000000000004
2024-09-17,6.00453302484086,3.3836993464052343,1.1482488961249069,2.49
2024-09-18,6.034356017619336,3.3671791938997844,1.260474634977555,2.49
2024-09-19,6.053923713747065,3.357325708061004,1.2562935314042587,2.49
2024-09-20,6.076911439018334,3.3424722222222245,1.1882012732105798,2.49
2024-09-21,6.0971385704261065,3.317472222222224,1.26346113752991,2.49
2024-09-22,6.114698134307525,3.3273028265107234,1.1593516585548367,2.49
2024-09-23,6.128943696872615,3.322133430799221,0.9947207053563001,-0.1200000000000001
2024-09-24,6.152136886389535,3.3619640350877216,0.9664982562365516,-1.7699999999999996
2024-09-25,6.173416571480691,3.3684613060428896,0.9194608410369696,-1.7699999999999996
2024-09-26,6.176616012427251,3.43162524366472,0.829567114211101,-1.7699999999999996
2024-09-27,6.191595935239001,3.394789181286548,0.8157694724192235,-1.7699999999999996
2024-09-28,6.204728045825086,3.3712864522417174,0.740509608099893,-1.7699999999999996
2024-09-29,6.2176148316823525,3.366117056530217,0.7670894808158474,-1.7699999999999996
2024-09-30,6.217984749091749,3.3259476608187155,0.6315362024679618,-0.7800000000000002
2024-10-01,7.085188666581338,3.2707782651072144,0.48280837536071347,-0.7800000000000002
2024-10-02,7.114803943243643,3.3172755360623842,0.2756197607911268,-0.7800000000000002
2024-10-03,7.184367709496804,3.3404394736842127,0.16523862645610868,-0.7800000000000002
2024-10-04,7.152650747267695,3.300270077972711,0.13455231273066715,-0.7800000000000002
2024-10-05,7.134318233511777,3.2601006822612106,0.20709445972735585,-0.7800000000000002
2024-10-06,7.11972430801575,3.2499312865497103,0.09937877892031394,-0.7800000000000002
2024-10-07,7.147473677679042,3.249761890838209,0.022774988452423484,-0.15000000000000036
2024-10-08,7.162215832275339,3.319592495126707,-0.06928395272390066,-0.14000000000000057
2024-10-09,7.159018977940605,3.3494230994152066,-0.22921116440247893,-0.14000000000000057
2024-10-10,7.183931736051963,3.372587037037036,-0.21886293305857035,-0.14000000000000057
2024-10-11,7.217634853778208,3.369084307992205,-0.06027964752855254,-0.14000000000000057
2024-10-12,7.24885660322218,3.3289149122807045,-0.11202080424809249,-0.14000000000000057
2024-10-13,7.274728509644974,3.328745516569204,-0.24058973912694923,-0.14000000000000057
2024-10-14,7.297178787381335,3.3335761208577015,-0.3120866102303131,0.009999999999999787
2024-10-15,7.314959007021822,3.3434067251462007,-0.2773834505719553,0.009999999999999787
2024-10-16,7.32636653071961,3.3632373294347007,-0.05630759913392125,0.009999999999999787
2024-10-17,7.346557522128203,3.3980679337231985,-0.018677666974255505,0.009999999999999787
2024-10-18,7.355061612599387,3.3878985380116973,-0.1329785859092389,0.009999999999999787
2024-10-19,7.35974298937814,3.377729142300197,-0.07862423945638927,0.009999999999999787
2024-10-20,7.363544056684335,3.397559746588695,-0.014922140014669457,0.009999999999999787
2024-10-21,7.368737232700049,3.4273903508771957,-0.09824556122535778,-2.000000000000001
2024-10-22,7.386811505373462,3.419720955165694,-0.0869565815774579,-2.0100000000000007
2024-10-23,7.399042460499471,3.412051559454193,-0.05403039093775107,-2.0100000000000007
2024-10-24,7.45152376091576,3.4268821637426923,-0.06265391705767423,-2.0100000000000007
2024-10-25,7.502830949599436,3.416712768031192,-0.0344314679379253,-2.0100000000000007
2024-10-26,7.557575007097616,3.4065433723196907,0.26033633397945344,-2.0100000000000007
2024-10-27,7.607614936437932,3.3963739766081886,0.3986263346662237,-2.0100000000000007
2024-10-28,7.67475457659171,3.391204580896688,0.5696714808465208,0.009999999999999787
2024-10-29,7.721456046124028,3.416035185185188,0.4678317438112369,0.009999999999999787
2024-10-30,7.813500777807125,3.408365789473687,0.33715325212948893,0.009999999999999787
2024-10-31,7.89512569028167,3.4006963937621855,0.2764077902146008,0.019999999999999574
2024-11-01,10.808653254820763,3.3805269980506853,0.21447519353515143,0.019999999999999574
2024-11-02,10.797470362876842,3.3653576023391834,0.17057360601554197,0.019999999999999574
2024-11-03,10.78628747093292,3.355188206627683,0.30944597470002183,0.019999999999999574
2024-11-04,10.615158997204622,3.3150188109161807,0.2796108142020006,0.019999999999999574
2024-11-05,10.642809331855648,3.309849415204681,0.27020333116208434,0.019999999999999574
2024-11-06,10.615375194060928,3.304680019493179,0.266320877844024,0.019999999999999574
2024-11-07,10.478233620339685,3.284510623781679,0.2721445578211145,0.019999999999999574
2024-11-08,10.360836504695047,3.264341228070178,0.35733454312702423,0.019999999999999574
2024-11-09,10.21445773749577,3.270838499025343,0.3475089497297781,0.019999999999999574
2024-11-10,10.097288567370663,3.2773357699805095,0.2231957809880261,0.019999999999999574
2024-11-11,10.05255747800995,3.283833040935675,0.3116261215632395,0.0
2024-11-12,10.01257171228898,3.293663645224173,0.32965713072307945,0.0
2024-11-13,9.970184510080506,3.3434942495126734,0.3810109204939168,0.0
2024-11-14,9.932584504442175,3.3733248538011713,0.5143881244820641,0.0
2024-11-15,9.863394264744596,3.408155458089671,0.3434855159235837,0.0
2024-11-16,9.79436432125302,3.40965272904484,0.2736013561984916,0.0
2024-11-17,9.733405513357832,3.4228166666666695,0.4325206232656494,0.0
2024-11-18,9.687437717607327,3.4781900462963,0.5130068670516003,-2.6100000000000003
2024-11-19,9.642330844659526,3.6410634259259282,0.5487553026032819,0.9199999999999999
2024-11-20,9.596417193973917,3.876936805555558,0.6594459472028179,0.9199999999999999
2024-11-21,9.56107496027914,4.124310185185187,0.7141540793426387,0.9199999999999999
2024-11-22,9.547115363711251,4.703969279100538,0.8868485894325323,0.9199999999999999
2024-11-23,9.525402606699927,4.591723611111116,0.8686607888886931,0.9199999999999999
2024-11-24,9.504559462686402,4.546430324074076,1.0803291572868108,0.9199999999999999
2024-11-25,9.479461369852972,4.4638037037037055,0.9392169116880658,0.9399999999999995
2024-11-26,9.442059437673048,4.127843750000006,0.8908966578921316,-1.0499999999999998
2024-11-27,9.415576487161143,3.871550462962965,0.8750749818704545,-1.0499999999999998
2024-11-28,9.38678691409257,3.8269238425925955,0.968029873812485,-1.0499999999999998
2024-11-29,9.359382831877795,3.8652972222222246,1.0461119830437908,-1.0499999999999998
2024-11-30,9.331841141272369,3.8226706018518533,1.079978921987489,-2.6000000000000005
2024-12-01,8.979508868914273,3.8030439814814843,1.275184195065753,-2.6000000000000005
2024-12-02,8.972740219798482,3.763417361111114,1.3542070526010506,-2.6000000000000005
2024-12-03,8.993138019451587,3.7787907407407433,1.341663741881162,-2.5900000000000007
2024-12-04,8.972637542206876,3.8041641203703715,1.345785115403411,-2.5900000000000007
2024-12-05,9.11005517513764,3.826204166666672,1.296395829443851,-2.5900000000000007
2024-12-06,9.216976189675847,3.809910879629637,1.3429333300857558,-2.5900000000000007
2024-12-07,9.31717465243158,3.793617592592602,1.2896242595262295,-2.5900000000000007
2024-12-08,9.392219145707267,3.770657638888892,1.2457226720066201,-2.5900000000000007
2024-12-09,9.4892413872784,3.7460310185185195,1.2334406802600628,-1.6100000000000003
2024-12-10,9.524884906093638,3.74640439814815,1.221420007486836,0.10000000000000053
2024-12-11,9.560969300022974,3.74177777777778,1.200932599977685,0.10000000000000053
2024-12-12,9.62041642312593,3.732926851851854,1.1260087171954933,0.10000000000000053
2024-12-13,9.693504384902782,3.7340759259259277,1.0219730224011239,0.10000000000000053
2024-12-14,9.753130206396804,3.720225000000003,0.9780714348815164,0.10000000000000053
2024-12-15,9.804739761992602,3.706374074074076,0.9834023419374678,0.10000000000000053
2024-12-16,9.85066897737505,3.6875231481481503,0.9930786102070964,0.10000000000000053
2024-12-17,9.894734354523976,3.688672222222224,0.8170242847458049,-0.03000000000000025
2024-12-18,9.933833557034808,3.756487962962968,0.6651979612404879,-0.03000000000000025
2024-12-19,9.962578286367725,3.8659703703703725,0.6752326098163992,-0.03000000000000025
2024-12-20,9.98700156576902,3.832119444444446,0.48229368492502406,-0.03000000000000025
2024-12-21,10.015943290518084,3.7632685185185197,0.3861926274095709,-0.03000000000000025
2024-12-22,10.041222287302856,3.707750925925925,0.26759114479919727,-0.03000000000000025
2024-12-23,10.07616227894055,3.68556666666667,0.2604072486596243,-2.1400000000000006
2024-12-24,10.124982482051612,3.6667157407407425,0.0800971570612276,-2.41
2024-12-25,10.171054823347909,3.637864814814817,-0.06728674389746125,-2.41
2024-12-26,10.212567468254356,3.6390138888888908,-0.15671892032887436,-2.41
2024-12-27,10.247839979446027,3.626829629629631,-0.215301882895626,-2.41
2024-12-28,10.269647201457811,3.614645370370373,-0.2568515996552565,-2.41
2024-12-29,10.289542047620484,3.602461111111113,-0.055934640445614046,-2.41
2024-12-30,10.317011010288004,3.5923601851851865,0.017443727265733372,1.3000000000000007
2024-12-31,10.340162697619077,3.5822592592592617,-0.16482625663264594,3.280000000000001
2025-01-01,11.315382258903789,3.572158333333337,-0.032180745769825325,1.6800000000000006
2025-01-02,11.321373214704014,3.5620574074074103,-0.1222237977233105,1.6800000000000006
2025-01-03,11.33917391719975,3.5519564814814837,-0.18682184793073614,1.6800000000000006
2025-01-04,11.347826182076286,3.541855555555559,0.0018504508142529984,1.6800000000000006
2025-01-05,11.352819071905143,3.5317546296296323,0.1188986274775595,1.6800000000000006
2025-01-06,11.351120620979438,3.5216537037037057,0.14255987269916764,1.6800000000000006
2025-01-07,11.356353495069692,3.542802777777779,0.04129877053340158,1.6800000000000006
2025-01-08,11.358071614534236,3.608951851851854,0.005658882862949024,1.6800000000000006
2025-01-09,11.365161787973214,3.671767592592597,0.09165658135915392,1.6800000000000006
2025-01-10,11.49667994844608,3.601250000000002,0.10132538337240145,1.6800000000000006
2025-01-11,11.602218096081767,3.5740657407407452,0.09998145722384197,1.6800000000000006
2025-01-12,11.69007991910882,3.5785481481481494,0.2505011858625034,1.6800000000000006
2025-01-13,11.751955568268,3.584697222222224,0.14924245932376787,1.6800000000000006
2025-01-14,11.799703542431832,3.5958462962962976,0.10784953394813551,-0.29000000000000004
2025-01-15,11.851052182704535,3.6219953703703727,0.11016522208103809,-0.29000000000000004
2025-01-16,11.885559118252925,3.6464777777777755,0.15989048957773858,-0.29000000000000004
2025-01-17,11.91708965292402,3.6492935185185207,0.17729433320158403,-0.29000000000000004
2025-01-18,11.945059039296533,3.625442592592596,0.04025866358680276,-0.29000000000000004
2025-01-19,11.970029563943928,3.736591666666669,0.26462713408880756,-0.29000000000000004
2025-01-20,11.997014550043003,3.6937407407407425,0.3486673159120598,-0.5600000000000005
2025-01-21,12.016593658837886,3.658889814814817,0.4209481439354168,-0.6500000000000004
2025-01-22,12.03038628243167,3.613372222222222,0.5646260667268671,-0.6500000000000004
2025-01-23,12.028168745808951,3.591187962962966,0.6309608830339698,-0.6500000000000004
2025-01-24,12.007335898621664,3.58233703703704,0.8384079449398166,-0.6500000000000004
2025-01-25,11.983796831966313,3.57015277777778,1.164310035965491,-0.6500000000000004
2025-01-26,11.962028478129366,3.557968518518522,1.301512678222972,-0.6500000000000004
2025-01-27,11.951084374050376,3.5457842592592623,1.320588963276135,-0.3799999999999999
2025-01-28,11.95104910227474,3.529433333333336,1.0688715956509458,-0.7599999999999998
2025-01-29,11.965619581368452,3.51308240740741,0.9366964589401201,-0.7599999999999998
2025-01-30,11.980492721290998,3.4792314814814835,0.9463114599882702,-0.7599999999999998
2025-01-31,11.9884186238137,3.440380555555558,0.8274635909173265,-0.08999999999999986
2025-02-01,13.028290386664956,3.388196296296301,0.8328392955115653,-0.08999999999999986
2025-02-02,13.027707580586275,3.4226787037037063,1.0341594325657755,-0.08999999999999986
2025-02-03,12.95902048949499,3.3938277777777808,0.838431521540849,-0.08999999999999986
2025-02-04,12.981276008569782,3.3649768518518535,0.7530613162533312,-0.08999999999999986
2025-02-05,12.997263833910829,3.3661259259259273,0.7426670342931455,-0.08999999999999986
2025-02-06,13.02451911650472,3.3522750000000023,0.8462277434242239,-0.08999999999999986
2025-02-07,13.0740469904968,3.3384240740740765,0.8506213481406676,-0.08999999999999986
2025-02-08,13.114964908695342,3.31957314814815,0.8260336083772503,-0.08999999999999986
2025-02-09,13.146660443721167,3.3207222222222246,0.8508589108436958,-0.08999999999999986
2025-02-10,13.23933066883709,3.301871296296299,0.8391172402825986,-0.08999999999999986
2025-02-11,13.207218160227212,3.3130203703703724,0.6531811049054272,-0.08999999999999986
2025-02-12,13.16468906307081,3.314169444444448,0.6766713049808547,-0.08999999999999986
2025-02-13,13.131449530407874,3.320318518518521,0.6548855547831539,-0.08999999999999986
2025-02-14,13.11943585145696,3.2864675925925946,0.6533620757483497,-0.08999999999999986
2025-02-15,13.097717847626086,3.2842833333333363,0.6372349619656361,-0.08999999999999986
2025-02-16,13.078627960938052,3.2820990740740763,0.6598129212614348,-0.08999999999999986
2025-02-17,13.07933698155246,3.279914814814818,0.7224469530798252,-2.2
2025-02-18,13.07826248528244,3.281063888888892,0.5899582336010042,-2.3100000000000005
2025-02-19,13.10091034930961,3.2822129629629657,0.5808358258047216,-2.3100000000000005
2025-02-20,13.11925424480674,3.30836203703704,0.7360144984250551,-2.3100000000000005
2025-02-21,13.130108985174676,3.2970111111111144,0.6286836691969189,-2.3100000000000005
2025-02-22,13.125636562582708,3.293304166666668,0.592139215849552,-2.3100000000000005
2025-02-23,13.121492779634549,3.292097222222223,0.6073359192217239,-2.3100000000000005
2025-02-24,13.125627935024683,3.2908902777777786,0.2489108154009114,-2.6100000000000003
2025-02-25,13.133883384281,3.3196833333333347,0.10496139237742973,-1.9799999999999995
2025-02-26,13.137345870543404,3.3800291666666684,0.1204912056496727,-1.9799999999999995
2025-02-27,13.141597892790571,3.4753750000000005,0.15906188611332972,-1.9799999999999995
2025-02-28,13.143513448965509,3.4723875000000053,0.2437292334725765,-1.9799999999999995
2025-03-01,13.73044519907056,3.4610666666666683,0.4502511552665054,-0.011400000000000077
2025-03-02,13.72981513844496,3.445262037037038,0.5016787292180481,-0.011400000000000077
2025-03-03,13.736917314704684,3.4244574074074094,0.6004573011371691,-0.011400000000000077
2025-03-04,13.745780473146974,3.4111527777777804,0.41795213016279154,-0.011400000000000077
2025-03-05,13.754952378999011,3.3978481481481495,0.6536095803126962,-0.011400000000000077
2025-03-06,13.774601878431053,3.4070435185185195,0.6597540215679769,-0.011400000000000077
2025-03-07,13.792384208321902,3.39623888888889,0.6809811627862496,-0.011400000000000077
2025-03-08,13.75609383943592,3.380434259259262,0.7008936685540732,-0.011400000000000077
2025-03-09,13.727727983496688,3.3846296296296314,0.9340648553291424,-0.011400000000000077
2025-03-10,13.669763363278715,3.4258250000000015,0.963593899315546,-3.891400000000001
2025-03-11,13.61259815928376,3.5221870370370425,1.1163348392275212,-3.891400000000001
2025-03-12,13.586708891549804,3.986501455026464,1.2858045695877365,-3.891400000000001
2025-03-13,13.58384729513178,4.374188888888893,1.4435182558451576,-3.891400000000001
2025-03-14,13.656417049566604,4.130256400966186,1.5213974585795238,-3.891400000000001
2025-03-15,13.696457436721357,3.8429277777777804,1.691821440807903,-3.891400000000001
2025-03-16,13.731406142145744,3.898686111111112,1.9092828382358644,-3.891400000000001
2025-03-17,13.821939578700745,3.9311111111111163,1.9586721241954252,-2.631400000000001
2025-03-18,13.903908441984626,3.927020959595959,2.0304041823747876,-2.631400000000001
2025-03-19,14.000255868903956,4.015961111111112,2.1010428269552106,-2.631400000000001
2025-03-20,14.092996026981552,4.092148015873016,2.191839292052586,-2.631400000000001
2025-03-21,14.173238390417096,4.079477777777778,2.2222853280726795,-2.631400000000001
2025-03-22,14.24341260673071,4.072236111111112,2.133586202267753,-2.631400000000001
2025-03-23,14.307424450609386,4.088994444444445,2.3146802507861426,-2.631400000000001
2025-03-24,14.38182815276179,4.096752777777778,2.382670696392811,-2.631400000000001
2025-03-25,14.44739025215845,4.178261111111111,2.2327781332901435,-2.631400000000001
2025-03-26,14.46335607278282,4.3050283068783095,2.2626132937881636,-2.631400000000001
2025-03-27,14.47043851552435,4.4255455026455,2.2822890753095577,-2.631400000000001
2025-03-28,14.469225000037255,4.435348412698407,2.2288680109043177,-2.631400000000001
2025-03-29,14.466148024883667,4.414913227513227,2.179949099096754,-2.631400000000001
2025-03-30,14.46250650295341,4.410430423280426,2.229338385056315,-2.631400000000001
2025-03-31,14.453864074221922,4.427114285714286,2.08822613945757,-2.631400000000001
2025-04-01,14.700984624919665,4.4528648148148156,2.011174373606827,-2.631400000000001
2025-04-02,14.525972458021316,4.604839153439154,1.9141379281765776,-2.631400000000001
2025-04-03,14.544209232690136,4.800444942783313,1.8604599367135262,-2.631400000000001
2025-04-04,14.473028061584586,4.864595349484823,1.6987959589352715,-2.631400000000001
2025-04-05,14.43458726027182,4.876214757303891,1.6371334650601888,-2.631400000000001
2025-04-06,14.408718536156831,4.89605079365079,1.7116093724595276,-2.631400000000001
2025-04-07,14.425767624418716,4.956234656084661,1.6704516341598927,-2.631400000000001
2025-04-08,14.523492238451304,5.053618518518518,1.513212274778434,-0.30200315804314126
2025-04-09,14.599574665270003,5.325200082101808,1.457812652432259,-0.30200315804314126
2025-04-10,14.650860280678614,5.449277471456417,1.2402646071341938,-0.30200315804314126
2025-04-11,14.69644431905109,5.529255820105826,1.0341552059869357,-0.30200315804314126
