,inf,e,s
2023-01-01,3.5462979979853784,0.025283328892343526,4.819801587301587
2023-01-02,3.5558617046038483,0.025193355614487878,4.964246031746032
2023-01-03,3.4931677223508912,0.025103382336630453,4.9309126984126985
2023-01-04,3.528320914227632,0.025013409058774805,4.951865079365079
2023-01-05,3.576147265700599,0.02492343578091827,5.005198412698413
2023-01-06,3.635186076312281,0.02483346250306262,5.130198412698413
2023-01-07,3.677543382146892,0.024743489225205195,5.159365079365079
2023-01-08,3.709474747495833,0.024653515947349547,5.131587301587302
2023-01-09,3.708767781824181,0.0245635426694939,4.826825396825397
2023-01-10,3.699831405287662,0.024473569391636474,4.876230158730158
2023-01-11,3.687232196026452,0.024383596113780825,5.030396825396825
2023-01-12,3.6920899501915554,0.02429362283592429,4.935952380952382
2023-01-13,3.712099713600289,0.024203649558067752,4.8470634920634925
2023-01-14,3.7282071035374296,0.024113676280211216,4.6803968253968256
2023-01-15,3.741192594697296,0.024023703002355568,4.693730158730159
2023-01-16,3.7446824673831767,0.02393372972449903,4.432619047619047
2023-01-17,3.723775823687303,0.023843756446642494,4.290952380952381
2023-01-18,3.7046002999857057,0.023753783168786846,4.3183333333333325
2023-01-19,3.673567922875285,0.02366380989093031,4.323333333333333
2023-01-20,3.648032991318435,0.023573836613073773,4.484444444444445
2023-01-21,3.624668629905337,0.023483863335217237,4.23
2023-01-22,3.603178851798208,0.023393890057361588,4.460833333333334
2023-01-23,3.583319146131052,0.023303916779504164,4.469166666666667
2023-01-24,3.569415175052085,0.023213943501648515,4.335833333333334
2023-01-25,3.543449443807118,0.023123970223792867,4.4047222222222215
2023-01-26,3.524430492789576,0.02303399694593633,4.278333333333333
2023-01-27,3.501056159105213,0.022944023668079794,4.87
2023-01-28,3.47872488522621,0.022854050390223257,4.836666666666667
2023-01-29,3.4573287684140785,0.02276407711236761,4.819999999999999
2023-01-30,3.4430377871637394,0.022674103834510184,4.705925925925926
2023-01-31,3.416592985940629,0.022584130556654536,4.7448148148148155
2023-02-01,2.6900730337908056,0.02263511472117319,4.750370370370371
2023-02-02,2.547511512812165,0.022686098885690953,4.917037037037037
2023-02-03,2.469739767932177,0.022737083050209606,4.899259259259259
2023-02-04,2.437770377030759,0.022788067214728258,4.974259259259259
2023-02-05,2.424121927720768,0.022839051379246023,4.797592592592593
2023-02-06,2.3995903122719717,0.022890035543764675,4.810092592592593
2023-02-07,2.3927754991038794,0.022941019708283328,5.012870370370369
2023-02-08,2.424539010904657,0.02299200387280198,5.227156084656085
2023-02-09,2.472458701194585,0.023042988037319745,5.282989417989418
2023-02-10,2.4906612809598805,0.023093972201838397,5.259378306878307
2023-02-11,2.5055124843217413,0.022894956366356745,5.5593783068783065
2023-02-12,2.517850155381027,0.02269594053087509,5.87271164021164
2023-02-13,2.5379040833787494,0.02249692469539344,5.996521164021163
2023-02-14,2.5469541182807456,0.022297908859911786,6.00207671957672
2023-02-15,2.543356212017363,0.022098893024430133,6.060806878306878
2023-02-16,2.543195895734752,0.02189987718894848,6.055806878306878
2023-02-17,2.538196221527855,0.0417008613534664,6.147473544973545
2023-02-18,2.5347004050318573,0.03950184551798497,6.311362433862434
2023-02-19,2.5324709950292488,0.037302829682503535,6.000251322751323
2023-02-20,2.531318030546021,0.035103813847021215,5.894695767195768
2023-02-21,2.529557133399615,0.03290479801153978,5.634695767195767
2023-02-22,2.546463764793538,0.03070578217605835,5.731362433862434
2023-02-23,2.5622829866634875,0.04050676634057648,5.942473544973544
2023-02-24,2.5847762555853744,0.020307750505095257,5.9224735449735455
2023-02-25,2.6084056429268463,0.020108734669613604,6.094695767195768
2023-02-26,2.630574075301968,0.01990971883413195,5.729695767195767
2023-02-27,2.6375671832888647,0.019710702998650298,6.307473544973545
2023-02-28,2.6385328774975165,0.3595116871631676,6.580806878306878
2023-03-01,2.47526910953409,0.2596153276450064,6.9382142857142854
2023-03-02,2.3751108418855784,0.15971896812684427,7.010436507936507
2023-03-03,2.2633392612596954,0.05982260860868305,7.019695767195767
2023-03-04,2.057740573080086,0.2199262490905216,7.073862433862433
2023-03-05,1.9363228898325096,0.38002988957236017,7.1933068783068785
2023-03-06,1.935495767287451,0.5401335300541978,7.375882635882636
2023-03-07,1.937165882112912,0.5402371705360363,7.465512265512266
2023-03-08,1.948654603014919,0.24034081101787397,7.840512265512266
2023-03-09,1.9485566324521213,0.24044445149971239,7.890512265512267
2023-03-10,1.9595323375222384,0.34054809198155045,7.772522847522848
2023-03-11,1.9700281367180636,0.34065173246338887,7.851411736411736
2023-03-12,1.979405759537418,0.3407553729452273,8.44585618085618
2023-03-13,1.997462682903036,0.3408590134270657,8.279189514189515
2023-03-14,2.0193382199888696,0.3409626539089041,8.184037999037999
2023-03-15,2.0462080377952283,0.39106629439074325,8.464826176377901
2023-03-16,2.069202599898907,0.4411699348725815,8.657418768970494
2023-03-17,2.103592562708228,0.41627357535441956,8.78063305468478
2023-03-18,2.1356980195673514,0.3913772158362576,9.36063305468478
2023-03-19,2.165110579629102,0.3664808563180957,9.581466388018113
2023-03-20,2.193127882402234,0.34158449679993375,9.481466388018111
2023-03-21,2.2174740835013096,0.34168813728177216,9.664799721351445
2023-03-22,2.2449204897345827,0.3417917777636106,9.898133054684779
2023-03-23,2.2665574548322893,0.341895418245449,10.031466388018112
2023-03-24,2.2758966699948857,0.3419990587272874,10.244058980610705
2023-03-25,2.286141290011216,0.47210269920912573,10.066281202832926
2023-03-26,2.295452770311788,0.6022063396909632,9.956281202832928
2023-03-27,2.307785335600243,0.7323099801728024,10.022947869499594
2023-03-28,2.316796593280081,0.8624136206546407,9.909614536166261
2023-03-29,2.322969708534641,0.8625172611364791,9.52880645535818
2023-03-30,2.330542986052853,0.8326209016183173,9.331663598215323
2023-03-31,2.328922304326289,0.8027245421001563,8.995552487104211
2023-04-01,2.315959051052199,0.7730462110444849,8.964071005622731
2023-04-02,2.3944947949586783,0.7433678799888135,9.138145079696805
2023-04-03,2.419589139420477,0.713689548933143,9.071478413030139
2023-04-04,2.46651182298948,0.6840112178774707,9.104811746363472
2023-04-05,2.4601144297468185,0.6543328868217992,8.818069322121046
2023-04-06,2.466173276874889,0.6246545557661278,8.678915882967608
2023-04-07,2.4704006063728947,0.5949762247104573,8.261415882967606
2023-04-08,2.473080864426796,0.5652978936547859,8.264193660745384
2023-04-09,2.47472974151796,0.5356195625991145,8.209564031115756
2023-04-10,2.488203045861442,0.5059412315434431,8.114008475560201
2023-04-11,2.4707288508443472,0.47626290048777165,7.554917566469291
2023-04-12,2.448660321068457,0.44658456943210023,7.604917566469291
2023-04-13,2.441936152454792,0.4169062383764288,7.640069081620806
2023-04-14,2.438769491540361,0.3872279073207583,7.302138047138047
2023-04-15,2.421578228847145,0.3575495762650869,7.270656565656566
2023-04-16,2.4041035940509845,0.3278712452094146,7.312323232323233
2023-04-17,2.3863020376152524,0.29819291415374405,6.891489898989899
2023-04-18,2.368152334941517,0.26851458309807263,6.677799422799423
2023-04-19,2.3472797997270223,0.3288362520424011,7.269862914862914
2023-04-20,2.329521522301736,0.3891579209867304,7.468580863580864
2023-04-21,2.319912552997982,0.44947958993105885,7.487628482628482
2023-04-22,2.317530574571397,0.5098012588753873,7.454295149295149
2023-04-23,2.316116352204358,0.5701229278197157,7.241702556702557
2023-04-24,2.321188216877065,0.6304445967640442,7.478066193066193
2023-04-25,2.3207632528331623,0.6907662657083735,7.540886705886706
2023-04-26,2.3202676667706053,0.751087934652702,7.251492766492766
2023-04-27,2.323851632717579,0.8114096035970313,7.300064195064195
2023-04-28,2.335479948786841,0.8717312725413588,7.184575979575979
2023-04-29,2.35099817135848,0.6653862748190207,7.23755217005217
2023-04-30,2.3657147293873777,0.4590412770966834,7.414139471639472
2023-05-01,2.753270280064076,0.2525293845171621,7.465991323491323
2023-05-02,2.706882537700685,0.28601749193764103,7.296546879046878
2023-05-03,2.75303004152249,0.31950559935811995,7.218570688570689
2023-05-04,2.828670241580484,0.35299370677859887,7.099126244126245
2023-05-05,2.9012484044513056,0.4198151475324119,7.3060706885706885
2023-05-06,2.966968307101691,0.486636588286224,7.322261164761165
2023-05-07,3.014143741409751,0.553458029040037,7.618927831427832
2023-05-08,3.0745493985972066,0.5536128031271819,7.436388148888148
2023-05-09,3.1194868894722863,0.6037675772143265,7.4916911791911796
2023-05-10,3.148391970922881,0.5955890179681393,7.565024512524513
2023-05-11,3.158442222985379,0.5874104587219513,7.4074487549487555
2023-05-12,3.147212123100175,0.5792318994757641,7.283374680874681
2023-05-13,3.1306930491152043,0.571053340229577,7.210993728493729
2023-05-14,3.1168213204809136,0.562874780983389,7.4709937284937284
2023-05-15,3.103864642205237,0.5546962217372018,7.476549284049284
2023-05-16,3.09100560788594,0.5598509958243474,7.36034558034558
2023-05-17,3.0903136298575187,0.565005769911493,7.242290024790025
2023-05-18,3.090757148349575,0.5701605439986386,7.17800431050431
2023-05-19,3.098106060941744,0.5753153180857842,6.641496373996374
2023-05-20,3.0957989006067965,0.5804700921729298,6.3070641395641385
2023-05-21,3.093734419626226,0.5856248662600754,6.10801652051652
2023-05-22,3.1018738701927613,0.590779640347221,6.062561975061976
2023-05-23,3.110112921890533,0.5959344144343666,5.960339752839753
2023-05-24,3.1248806745155644,0.6010891885215113,5.785087227587227
2023-05-25,3.14120225490982,0.6062439626086569,5.772266714766714
2023-05-26,3.1523920230616045,0.5563987366958028,5.77832732082732
2023-05-27,3.150384739216335,0.5065535107829486,5.649755892255892
2023-05-28,3.148413193995814,0.4567082848700945,5.653988696488697
2023-05-29,3.1436248792250687,0.4068630589572395,5.706303511303512
2023-05-30,3.133097966797564,0.3570178330443854,5.536340141340141
2023-05-31,3.1220504017216,0.3071726071315313,5.4315253265253265
2023-06-01,2.553804102155153,0.2571845464110032,5.388149258149258
2023-06-02,2.540899710514669,0.2605298190238079,5.421482591482591
2023-06-03,2.576886529651008,0.2638750916366135,5.315927035927035
2023-06-04,2.594368068476371,0.2672203642494182,5.093704813704814
2023-06-05,2.57562203333456,0.2705656368622238,5.107038147038147
2023-06-06,2.538864568058903,0.2739109094750285,4.885609575609576
2023-06-07,2.5638110839046884,0.2772561820878332,5.183704813704813
2023-06-08,2.580864718119384,0.2806014547006388,5.103401783401782
2023-06-09,2.556891182011323,0.2839467273134435,5.025624005624006
2023-06-10,2.547448098683764,0.2872919999262491,5.225624005624005
2023-06-11,2.539174706684012,0.2906372725390538,5.24969807969808
2023-06-12,2.5207031581860715,0.2939825451518585,5.17985680985681
2023-06-13,2.512206999214304,0.2973278177646641,5.022634587634587
2023-06-14,2.4952190447494127,0.3006730903774688,4.933745698745699
2023-06-15,2.477163648197922,0.3040183629902744,4.96411606911607
2023-06-16,2.455134893709181,0.3073636356030791,4.8738382913382905
2023-06-17,2.4524423000319864,0.3107089082158838,4.830981148481148
2023-06-18,2.4499675022775773,0.3140541808286894,4.594870037370038
2023-06-19,2.453724848406577,0.3173994534414941,4.613917656417656
2023-06-20,2.452753845131663,0.3207447260542997,4.610584323084324
2023-06-21,2.4564316884480566,0.3240899986671044,4.782705535205535
2023-06-22,2.4649556819809764,0.3274352712799091,4.792427757427758
2023-06-23,2.467909755150862,0.3307805438927147,4.66464997964998
2023-06-24,2.4819526264273506,0.3341258165055194,4.588459503459504
2023-06-25,2.494187242936152,0.337471089118325,4.658459503459503
2023-06-26,2.5083443767265883,0.3408163617311297,4.691792836792837
2023-06-27,2.527074167003389,0.34416163434393443,4.563221408221408
2023-06-28,2.548117668159129,0.34750690695674,4.3650732600732605
2023-06-29,2.5657223253438217,0.35085217956954473,4.368369963369963
2023-06-30,2.5711469573916803,0.3541974521823503,4.62503663003663
2023-07-01,2.71370944657892,0.35740269096331545,4.787857142857143
2023-07-02,2.7096732548418627,0.3637262093141729,5.005
2023-07-03,2.775743757876974,0.3700497276650303,5.013333333333334
2023-07-04,2.7479093022567804,0.3763732460158886,5.046666666666666
2023-07-05,2.754791887528474,0.38269676436674605,4.926666666666666
2023-07-06,2.7554781078248776,0.38902028271760347,4.844761904761905
2023-07-07,2.7460845401459744,0.3953438010684618,4.718095238095239
2023-07-08,2.7407446605203085,0.4016673194193192,4.723650793650793
2023-07-09,2.73534921694864,0.40799083777017664,4.856984126984127
2023-07-10,2.7090952320927184,0.41431435612103495,4.679206349206349
2023-07-11,2.6997019194007046,0.4206378744718915,4.715873015873015
2023-07-12,2.6968360296004423,0.4269613928227498,5.004761904761905
2023-07-13,2.7091430975386097,0.4332849111736081,4.955317460317461
2023-07-14,2.688839216555142,0.43960842952446466,5.210873015873016
2023-07-15,2.6711853049721617,0.445931947875323,5.017539682539683
2023-07-16,2.6556948464617816,0.4522554662261813,5.180039682539683
2023-07-17,2.655887730750752,0.4585789845770387,5.335595238095238
2023-07-18,2.6580853234578203,0.46490250292789614,5.336785714285714
2023-07-19,2.668136656883305,0.47122602127875446,5.336785714285715
2023-07-20,2.681332631404485,0.4775495396296119,5.458214285714287
2023-07-21,2.697652728225816,0.4838730579804693,5.3482142857142865
2023-07-22,2.717462549363208,0.4901965763313276,5.616269841269841
2023-07-23,2.735541108998838,0.49652009468218505,5.716269841269841
2023-07-24,2.7530691086185155,0.5028436130330425,5.759126984126984
2023-07-25,2.761699761269059,0.5091671313838999,5.767332112332112
2023-07-26,2.7796910458000164,0.5154906497347582,5.806221001221002
2023-07-27,2.792503763469912,0.5218141680856156,5.890744810744811
2023-07-28,2.808955527327545,0.5281376864364731,6.1259299959299955
2023-07-29,2.8370268485390926,0.5344612047873314,6.095453805453806
2023-07-30,2.8635558744472527,0.5407847231381888,6.037120472120473
2023-07-31,2.8865381680973603,0.5471082414890462,5.915691900691901
2023-08-01,3.7441160925404575,0.5533464558386116,5.84458078958079
2023-08-02,3.527176651396128,0.5479865431237307,5.836247456247457
2023-08-03,3.4910752745173035,0.5426266304088498,5.736247456247456
2023-08-04,3.542923673375391,0.5372667176939689,5.786247456247456
2023-08-05,3.5037440094095365,0.531906804979088,5.7729141229141225
2023-08-06,3.4761093382515305,0.5265468922642063,5.906247456247456
2023-08-07,3.455071805840866,0.5211869795493254,5.767358567358568
2023-08-08,3.428958686818772,0.5158270668344445,5.482636345136345
2023-08-09,3.3886342650094234,0.5104671541195636,5.443747456247456
2023-08-10,3.3451384364057724,0.5051072414046835,5.68208078958079
2023-08-11,3.318551649160267,0.49974732868980265,5.48208078958079
2023-08-12,3.305214640023381,0.49438741597492175,5.409699837199837
2023-08-13,3.2936400695588413,0.48902750326004085,5.0985887260887255
2023-08-14,3.291026396891941,0.48366759054515995,5.298588726088726
2023-08-15,3.283602038601418,0.47830767783027905,5.131922059422059
2023-08-16,3.282599187071955,0.47294776511539727,5.018033170533171
2023-08-17,3.27483556742241,0.46758785240051637,5.10850936100936
2023-08-18,3.245286798081424,0.46222793968563547,5.09739824989825
2023-08-19,3.2054824129274917,0.45686802697075457,5.439303011803012
2023-08-20,3.16933516323348,0.45150811425587367,5.350414122914122
2023-08-21,3.13677763866267,0.4461482015409928,5.194858567358567
2023-08-22,3.1194121640624672,0.4407882888261119,5.309144281644282
2023-08-23,3.115473634925179,0.435428376111231,5.642477614977616
2023-08-24,3.1099986110544413,0.4300684633963501,5.580939153439155
2023-08-25,3.091849667569702,0.4247085506814692,5.59760582010582
2023-08-26,3.0658410939105725,0.4193486379665874,5.800383597883598
2023-08-27,3.041532601866973,0.4139887252517074,5.695198412698413
2023-08-28,3.0238057368004845,0.4086288125368265,5.660198412698412
2023-08-29,3.0088786115316384,0.4032688998219456,5.514365079365079
2023-08-30,3.0069085642663045,0.3979089871070647,5.656626984126984
2023-08-31,3.0006918341635376,0.3925490743921838,5.604775132275132
2023-09-01,2.808428584074476,0.3872447386992022,5.642275132275132
2023-09-02,2.8096827515382774,0.38194040300622145,5.861719576719577
2023-09-03,2.810855337271349,0.37663606731323984,5.978386243386243
2023-09-04,2.8503270165024936,0.37133173162025823,5.99505291005291
2023-09-05,2.823797928655692,0.3660273959272766,5.653386243386243
2023-09-06,2.8044366176835287,0.3607230602342959,5.658941798941799
2023-09-07,2.7866911489697475,0.3554187245413143,5.788108465608466
2023-09-08,2.749539340375717,0.3501143888483327,5.85239417989418
2023-09-09,2.7410383553034907,0.34481005315535107,5.52739417989418
2023-09-10,2.7346980352581265,0.33950571746237035,5.37739417989418
2023-09-11,2.7380708186928318,0.33420138176938874,5.329775132275132
2023-09-12,2.7446576598005863,0.32889704607640713,5.218664021164021
2023-09-13,2.767604885676421,0.3235927103834255,5.068664021164022
2023-09-14,2.779145524785912,0.3182883746904457,5.116283068783068
2023-09-15,2.763920338300996,0.3129840389974641,5.247949735449736
2023-09-16,2.766727823292147,0.30767970330448247,5.153505291005291
2023-09-17,2.770341947340564,0.30237536761150174,5.109060846560847
2023-09-18,2.7713658580349745,0.29707103191852013,4.712394179894179
2023-09-19,2.774767548984452,0.2917666962255385,4.8512830687830695
2023-09-20,2.793596905900847,0.2864623605325569,4.7679497354497355
2023-09-21,2.8217494887391688,0.2811580248395762,4.5369973544973545
2023-09-22,2.834882989915651,0.2810002033078147,4.403664021164021
2023-09-23,2.835585480472321,0.2810117774875538,4.281441798941799
2023-09-24,2.836190415045662,0.28102335166729375,4.267552910052911
2023-09-25,2.8247549117399315,0.2810349258470337,4.056441798941799
2023-09-26,2.816508545634019,0.28104650002677367,4.143108465608465
2023-09-27,2.81011771930767,0.28105807420651274,4.2181084656084655
2023-09-28,2.802997797980331,0.2810696483862527,4.366719576719577
2023-09-29,2.7938727194448,0.28108122256599266,4.24255291005291
2023-09-30,2.784291979770315,0.2810927967457326,4.038849206349206
2023-10-01,2.3003728824358163,0.2811773642221942,3.9846825396825394
2023-10-02,2.302471260609068,0.28126193169865576,3.9896825396825397
2023-10-03,2.2836445191314523,0.28134649917511734,4.0396825396825395
2023-10-04,2.270253589415959,0.2814310666515798,4.009682539682539
2023-10-05,2.244553308760909,0.28151563412804137,4.101349206349206
2023-10-06,2.194902640285387,0.28160020160450294,4.112460317460317
2023-10-07,2.1537141546143324,0.2816847690809645,4.017222222222222
2023-10-08,2.123870630090688,0.281769336557427,3.9584920634920637
2023-10-09,2.1285865297643256,0.28185390403388766,3.9751587301587303
2023-10-10,2.144003447850724,0.2819384715103501,4.27515873015873
2023-10-11,2.1469962405858443,0.2820230389868117,4.65515873015873
2023-10-12,2.1366673369559317,0.28210760646327326,4.821825396825397
2023-10-13,2.133034737825027,0.28219217393973484,5.13015873015873
2023-10-14,2.1240593721689085,0.2822767414161964,5.343650793650794
2023-10-15,2.1158723980156533,0.28236130889265887,5.2988888888888885
2023-10-16,2.121750457407939,0.28244587636911955,5.2266666666666675
2023-10-17,2.117517638385205,0.282530443845582,5.275555555555555
2023-10-18,2.1154172075804927,0.2826150113220436,5.275555555555555
2023-10-19,2.1079618290279027,0.28269957879850516,5.108888888888888
2023-10-20,2.103215081859463,0.28278414627496673,5.150555555555555
2023-10-21,2.0964570486466085,0.2828687137514292,5.317222222222222
2023-10-22,2.0897732852029245,0.28295328122789076,5.150555555555555
2023-10-23,2.0818080808685333,0.28303784870435234,5.10611111111111
2023-10-24,2.077469965227549,0.2831224161808139,5.192222222222222
2023-10-25,2.0847531386146128,0.28320698365727637,5.225555555555555
2023-10-26,2.081041954986764,0.28329155113373705,5.018888888888889
2023-10-27,2.0787933641079968,0.2833761186101995,5.168888888888889
2023-10-28,2.079896381716729,0.2834606860866611,5.100634920634921
2023-10-29,2.080980404630146,0.28354525356312354,5.042857142857143
2023-10-30,2.087948527770888,0.28362982103958423,5.242857142857143
2023-10-31,2.087894313898196,0.2837143885160458,5.309523809523809
2023-11-01,1.808710515707216,0.2837956998567819,5.288783068783068
2023-11-02,1.839080771838462,0.28387701119751707,5.238783068783068
2023-11-03,1.88676868751714,0.28395832253825315,5.29973544973545
2023-11-04,1.859598027401825,0.28403963387898834,5.292592592592593
2023-11-05,1.846583636264756,0.2841209452197244,5.384259259259259
2023-11-06,1.8929372514099907,0.2842022565604596,5.479497354497354
2023-11-07,1.8875710158452776,0.2842835679011957,5.49616402116402
2023-11-08,1.84362938597226,0.2843648792419309,5.84616402116402
2023-11-09,1.8064914044280735,0.28444619058266696,5.540608465608465
2023-11-10,1.775816255011425,0.28452750192340215,5.127275132275132
2023-11-11,1.7389068336484803,0.2846088132641382,5.052275132275132
2023-11-12,1.7086534732451728,0.2846901246048734,4.810608465608466
2023-11-13,1.6857051684586086,0.2847714359456095,4.524497354497354
2023-11-14,1.6734325705241897,0.2848527472863447,4.521851851851851
2023-11-15,1.663348937518696,0.28493405862708077,4.677407407407407
2023-11-16,1.6661838382806866,0.28501536996781685,4.788835978835979
2023-11-17,1.6687729442704569,0.2850966813085529,4.863078403078403
2023-11-18,1.653831787918004,0.2851779926492881,4.876411736411737
2023-11-19,1.6408044725863524,0.28971652864889297,5.051411736411737
2023-11-20,1.6388012459029178,0.2942550646484978,5.193078403078403
2023-11-21,1.6462957516921577,0.29879360064810356,5.102602212602212
2023-11-22,1.650889245909454,0.3033321366477084,5.28037999037999
2023-11-23,1.6510754664514022,0.30787067264731327,5.574824434824435
2023-11-24,1.6481293706631952,0.3124092086469181,5.641491101491101
2023-11-25,1.6445218599680218,0.316947744646523,5.7881577681577685
2023-11-26,1.6413802393321464,0.3214862806461287,5.8492688792688785
2023-11-27,1.6473305823553792,0.3260248166457336,5.798078403078403
2023-11-28,1.6600357093868652,0.3305633526453384,5.925856180856181
2023-11-29,1.6794394632624237,0.3351018886449433,5.883431938431939
2023-11-30,1.7019529394778907,0.33964042464454813,6.090098605098605
2023-12-01,1.994694557730264,0.34420376423311705,6.160839345839347
2023-12-02,1.8811443871798332,0.34876710382168596,6.2733393458393465
2023-12-03,1.842792736157887,0.353330443410254,6.3034980759980765
2023-12-04,1.8248940187015483,0.357893782998822,6.173974266474266
2023-12-05,1.815774745153807,0.36245712258739093,6.145270562770563
2023-12-06,1.809099837714768,0.36702046217595985,6.220270562770563
2023-12-07,1.8111308951530527,0.3715838017645279,6.461381673881673
2023-12-08,1.8045400767466968,0.3761471413530959,6.12804834054834
2023-12-09,1.7985582726260627,0.38071048094166393,6.243603896103896
2023-12-10,1.796318346336656,0.38527382053023373,6.643603896103897
2023-12-11,1.7827854909834862,0.38983716011880176,6.60193722943723
2023-12-12,1.7708728159248337,0.3944004997073698,6.737122414622415
2023-12-13,1.7650983348779703,0.40318814485149357,6.874027176527177
2023-12-14,1.7739907454665511,0.41197578999561824,6.863252765752766
2023-12-15,1.7889546979003197,0.420763435139742,6.89519721019721
2023-12-16,1.8000489894240723,0.4295510802838658,6.907101972101972
2023-12-17,1.8099414914651053,0.4383387254279896,6.882859547859549
2023-12-18,1.818941329062667,0.44712637057211424,6.990359547859549
2023-12-19,1.8348704684281407,0.455914015716238,6.876073833573833
2023-12-20,1.837758700337017,0.4647016608603618,6.799221981721982
2023-12-21,1.829099782222385,0.4734893060044856,6.911920394420394
2023-12-22,1.8267613057668728,0.48227695114861024,6.800809283309283
2023-12-23,1.825893070274592,0.491064596292734,6.364301346801347
2023-12-24,1.824919750390211,0.4998522414368569,6.4643013468013475
2023-12-25,1.8237635219898205,0.5086398865809807,6.2576346801346805
2023-12-26,1.817675965922064,0.5174275317251054,5.996523569023569
2023-12-27,1.8158242396445203,0.5262151768692291,6.049301346801347
2023-12-28,1.80830515471018,0.5350028220133529,5.938190235690237
2023-12-29,1.8192891046964492,0.5437904671574767,5.8028367003367
2023-12-30,1.8291563306908567,0.5525781123016014,5.512836700336701
2023-12-31,1.8380149027571304,0.5613657574457251,5.4717255892255885
2024-01-01,2.162521649404097,0.5652407407407392,5.303670033670033
2024-01-02,2.1020175605364573,0.5738416666666648,5.492558922558922
2024-01-03,2.0488564887984078,0.5824425925925913,5.523670033670034
2024-01-04,1.975887744499036,0.591043518518517,6.069040404040405
2024-01-05,2.0601047362435425,0.5996444444444426,6.144040404040405
2024-01-06,2.115321803114117,0.6082453703703683,6.2973737373737375
2024-01-07,2.153967484342445,0.6168462962962948,6.593207070707071
2024-01-08,2.1721767666647844,0.6254472222222205,6.745707070707071
2024-01-09,2.1363652050259945,0.6340481481481461,6.56475468975469
2024-01-10,2.1088572183459897,0.6426490740740727,6.670310245310246
2024-01-11,2.1030194402198763,0.6512499999999983,7.051791726791728
2024-01-12,2.055602521785059,0.659850925925924,6.884331409331409
2024-01-13,2.0159396501396465,0.6684518518518505,6.73584656084656
2024-01-14,1.982369243828766,0.6770527777777762,6.681679894179894
2024-01-15,1.9889155979344917,0.6856537037037018,6.515013227513227
2024-01-16,2.0078270314997644,0.6942546296296275,6.489087301587301
2024-01-17,2.0178192604880616,0.702855555555554,6.473809523809523
2024-01-18,2.034703524477351,0.7114564814814788,6.624761904761906
2024-01-19,2.0589450409720573,0.7200574074074044,6.716613756613756
2024-01-20,2.0814961322251784,0.728658333333331,6.936058201058201
2024-01-21,2.1025982875569404,0.7372592592592566,7.02494708994709
2024-01-22,2.1223463229441624,0.7458601851851823,7.639232804232804
2024-01-23,2.125922063552088,0.7544611111111088,7.594788359788359
2024-01-24,2.127320891256635,0.7630620370370345,7.804788359788359
2024-01-25,2.123823498863973,0.7716629629629601,7.888121693121692
2024-01-26,2.149299402548986,0.7802638888888858,7.843677248677249
2024-01-27,2.155967286687205,0.7888648148148123,7.996455026455026
2024-01-28,2.16231780273424,0.797465740740738,8.185343915343916
2024-01-29,2.178829330329485,0.8060666666666636,8.29089947089947
2024-01-30,2.179663765375087,0.8146675925925901,8.431640211640211
2024-01-31,2.187154803768886,0.8232685185185158,8.664973544973545
2024-02-01,2.60065529666488,0.8318694444444414,8.639973544973545
2024-02-02,2.499672815294653,0.840470370370368,8.662195767195765
2024-02-03,2.7007727751792814,0.8490712962962936,8.276084656084656
2024-02-04,2.6371394044151613,0.8576722222222193,8.176084656084656
2024-02-05,2.5927826740495554,0.8662731481481458,7.829417989417989
2024-02-06,2.5269600004183976,0.8748740740740715,7.7335846560846555
2024-02-07,2.4723180805114806,0.8834749999999971,8.012751322751322
2024-02-08,2.4860803718786104,0.8920759259259219,8.078888888888889
2024-02-09,2.506678107130993,0.9006768518518493,8.373333333333333
2024-02-10,2.5228141503425072,0.9092777777777741,8.106666666666666
2024-02-11,2.5357081905271426,0.9181287037037,8.488888888888889
2024-02-12,2.546170728441618,0.926979629629626,8.455555555555556
2024-02-13,2.552493297515346,0.935830555555552,8.422222222222222
2024-02-14,2.561077103588171,0.9446814814814779,8.722222222222223
2024-02-15,2.549089527288792,0.9535324074074039,8.969576719576718
2024-02-16,2.536242345605065,0.9623833333333298,9.168465608465606
2024-02-17,2.5765597579892874,0.9512342592592562,9.484179894179896
2024-02-18,2.6118165559216067,0.9620851851851819,9.573809523809524
2024-02-19,2.615121053390655,0.9729361111111077,9.550091575091574
2024-02-20,2.6352598162616245,0.9837870370370343,9.77172900199216
2024-02-21,2.649952149639065,0.99463796296296,9.366173446436603
2024-02-22,2.6468451147085976,1.0054888888888858,9.350011830274987
2024-02-23,2.6513510904643187,0.9966958333333311,9.415769406032563
2024-02-24,2.677518959491332,1.0179027777777758,9.342436072699229
2024-02-25,2.7013298719873777,1.01910972222222,9.470213850477007
2024-02-26,2.7097012340144406,1.0203166666666652,9.422991628254785
2024-02-27,2.696483991106596,0.9949708333333316,9.517436072699232
2024-02-28,2.680984782949213,0.629624999999999,9.589658294921453
2024-02-29,2.6684999660713404,0.704279166666665,9.443361998625157
2024-03-01,2.48198792790071,0.7789333333333319,9.398917554180713
2024-03-02,2.5575981187896506,0.8797379629629614,9.137250887514046
2024-03-03,2.58614072271277,0.7205425925925901,9.284869935133093
2024-03-04,2.589708208706766,0.5613472222222198,9.145981046244204
2024-03-05,2.62703605769442,0.40215185185184943,9.078032328295485
2024-03-06,2.6287657731899468,0.4029564814814792,9.116365661628818
2024-03-07,2.636834816192363,0.7037611111111097,8.963984709247866
2024-03-08,2.684115663569752,0.7045657407407386,8.6723180425812
2024-03-09,2.695441211336819,0.6053703703703688,8.887132857396015
2024-03-10,2.70488833486979,0.6061749999999986,8.543799524062681
2024-03-11,2.695013247033942,0.6069796296296275,8.419990000253158
2024-03-12,2.7076820090480886,0.6077842592592573,8.209990000253159
2024-03-13,2.720806233738425,0.6085888888888871,8.409990000253158
2024-03-14,2.731459171210361,0.5658305555555536,8.539619629882788
2024-03-15,2.732586808508871,0.5230722222222193,8.475730740993898
2024-03-16,2.7303447763540074,0.5553138888888869,8.46263550289866
2024-03-17,2.727706141848201,0.5875555555555536,8.358191058454217
2024-03-18,2.7288295618604805,0.6197972222222212,7.8016434394065985
2024-03-19,2.7372969739832302,0.6520388888888888,7.738680476443634
2024-03-20,2.759203791136688,0.6592805555555552,7.850731758494916
2024-03-21,2.7727058514313425,0.6665222222222225,7.665205442705442
2024-03-22,2.78547637078738,0.6737638888888888,7.620760998260997
2024-03-23,2.7975795956610767,0.6810055555555561,7.464700392200393
2024-03-24,2.8090989378627267,0.5582472222222226,7.22227614977615
2024-03-25,2.8244210561502574,0.4354888888888899,7.206720594220594
2024-03-26,2.8298257892823035,0.3066383597883604,7.017038054538054
2024-03-27,2.845155588160386,0.17778783068783088,6.836229973729973
2024-03-28,2.863691851105414,0.17893730158730214,6.684007751507751
2024-03-29,2.880967964814814,0.21008677248677277,6.506229973729973
2024-03-30,2.8971267617209606,0.2412362433862434,6.256229973729973
2024-03-31,2.912309709072449,0.272385714285714,5.939563307063307
2024-04-01,4.10166207075117,0.3035351851851855,5.907182354682354
2024-04-02,4.196651561403316,0.33468465608465525,5.838729973729974
2024-04-03,3.881891788188416,0.36583412698412676,5.85539664039664
2024-04-04,3.705356645838541,0.3969835978835974,5.992789802789802
2024-04-05,3.2749006053666747,0.4281330687830689,6.246577681577681
2024-04-06,2.805869165413275,0.4592825396825395,6.256101491101491
2024-04-07,2.471520985800216,0.49043201058201014,6.172768157768158
2024-04-08,2.607519448510743,0.5215814814814816,5.8838792688792685
2024-04-09,2.70171616423496,0.5527309523809514,5.8811341708400535
2024-04-10,2.8094839415765374,0.5838804232804229,5.984573324279206
2024-04-11,2.8811490469595733,0.6150298941798935,5.99901776872365
2024-04-12,2.954512039993137,0.646179365079365,6.1379066576125405
2024-04-13,3.0111304587723486,0.6773288359788348,6.60827702798291
2024-04-14,3.0615402031723087,0.7084783068783063,6.705499250205134
2024-04-15,3.112556650987313,0.7396277777777769,6.548681068386951
2024-04-16,3.1506585302193386,0.7707772486772484,6.682014401720283
2024-04-17,3.1780326177559464,0.801926719576719,6.771366253572135
2024-04-18,3.212283029161285,0.7430761904761898,6.569282920238802
2024-04-19,3.249694900066712,0.6842256613756597,6.215473396429279
2024-04-20,3.263965328438433,0.6253751322751322,6.15158450754039
2024-04-21,3.276200926492318,0.5665246031746021,6.0640845075403895
2024-04-22,3.2867165729839543,0.5076740740740728,6.114084507540389
2024-04-23,3.2906411138405143,0.4488235449735436,6.360380803836686
2024-04-24,3.303436119068973,0.38997301587301525,6.572603026058909
2024-04-25,3.276235687393385,0.331122486772486,6.689053242509124
2024-04-26,3.2782311424077224,0.2722719576719559,6.846250212206095
2024-04-27,3.2798773321257872,0.21342142857142843,7.359583545539428
2024-04-28,3.2812116778293228,0.4212375661375658,7.435509471465354
2024-04-29,3.2594549309469625,0.6290537037037023,7.749398360354244
2024-04-30,3.2431072636908858,0.8368698412698397,8.092731693687576
2024-05-01,2.791884567311861,0.8046859788359786,8.129961130917014
2024-05-02,2.7825969280017246,0.7725021164021157,8.393218706674588
2024-05-03,2.7023985426891883,0.7403182539682529,8.663589077044959
2024-05-04,2.666335127931503,0.674801058201056,9.05247796593385
2024-05-05,2.647925701395757,0.6092838624338617,8.960356753812636
2024-05-06,2.6543167050214507,0.5437666666666647,9.160789654245537
2024-05-07,2.629318164520764,0.5679055555555532,9.215551559007443
2024-05-08,2.659339767918685,0.5420444444444446,9.448884892340775
2024-05-09,2.6710945508009534,0.5745166666666659,9.642582371332372
2024-05-10,2.665402249185421,0.6069888888888881,9.655935197843093
2024-05-11,2.662984169115927,0.6394611111111095,9.698157420065314
2024-05-12,2.6620653733648614,0.6719333333333308,9.48010186450976
2024-05-13,2.6790785036500058,0.7044055555555548,9.115022499430394
2024-05-14,2.7036034272845577,0.7368777777777762,8.92168916609706
2024-05-15,2.7342627560717188,0.7560166666666648,9.003507347915242
2024-05-16,2.7651562021011418,0.7751555555555552,8.763031157439052
2024-05-17,2.801295449473028,0.7942944444444437,8.857012638920533
2024-05-18,2.842582018259108,0.8134333333333323,9.014651527809423
2024-05-19,2.880360629765873,0.8325722222222209,9.038461051618947
2024-05-20,2.9395703803252475,0.8517111111111095,9.327349940507835
2024-05-21,2.988543254973208,0.8708499999999999,9.42040549606339
2024-05-22,3.0309482673081054,0.8899888888888885,9.564849940507834
2024-05-23,3.0655210751350865,0.9429222222222213,9.601886977544872
2024-05-24,3.111467370501378,0.9445055555555548,9.687644553302448
2024-05-25,3.1596403777778064,1.001088888888888,9.795599098756991
2024-05-26,3.20409827033416,1.0576722222222212,9.767358358016253
2024-05-27,3.250203918675349,1.1142555555555544,9.456941691349586
2024-05-28,3.3020669615566947,1.1708388888888885,9.647682432090328
2024-05-29,3.353192686141074,1.2274222222222217,9.690460209868105
2024-05-30,3.399636190041568,1.284005555555555,9.661571320979217
2024-05-31,3.440026317657873,1.3405888888888882,9.761036561620926
2024-06-01,5.033403801243142,1.3438388888888886,9.675755176339543
2024-06-02,5.036221360691767,1.3470888888888881,9.599502453027993
2024-06-03,5.065185740862233,1.3503388888888868,9.089502453027993
2024-06-04,5.068311959367848,1.3535888888888863,9.048669119694662
2024-06-05,5.192843386763212,1.3568388888888867,8.82026002878557
2024-06-06,5.2939858111912494,1.3600888888888871,8.72026002878557
2024-06-07,5.300319313966874,1.3633388888888867,8.52966173818728
2024-06-08,5.303926084464163,1.366588888888887,8.310830569356112
2024-06-09,5.306466559094785,1.3698388888888866,8.112292557660204
2024-06-10,5.281954053364513,1.373088888888887,8.150070335437983
2024-06-11,5.235080014008267,1.3763388888888874,8.323064162598476
2024-06-12,5.175905686578663,1.379588888888887,8.411060194344508
2024-06-13,5.103073490599976,1.3828388888888874,8.435643527677842
2024-06-14,5.02688513153906,1.386088888888887,8.316893527677841
2024-06-15,4.94695982542468,1.3859740740740731,8.318480829265143
2024-06-16,4.877016835880467,1.3858592592592576,8.344076067360382
2024-06-17,4.808286321893562,1.385744444444443,8.33296495624927
2024-06-18,4.752924708780933,1.4162055555555542,8.222438640459796
2024-06-19,4.668859172955751,1.422527777777776,7.90577197379313
2024-06-20,4.604976260819159,1.4433333333333316,7.759307327328483
2024-06-21,4.545672605147942,1.4496555555555544,7.661529549550705
2024-06-22,4.491369552525913,1.4318388888888878,7.5705039085250645
2024-06-23,4.441509216556354,1.4333333333333318,7.530301888323043
2024-06-24,4.370852414479625,1.4203444444444422,7.470024110545267
2024-06-25,4.303779620730439,1.4508055555555535,7.644098184619341
2024-06-26,4.242465261900363,1.5174749999999992,7.490625962397118
2024-06-27,4.176903054925565,1.6388592592592577,7.540625962397118
2024-06-28,4.123625230152703,1.6339166666666651,7.433959295730451
2024-06-29,4.0742981235517295,1.63541111111111,7.102848184619341
2024-06-30,4.028309621103146,1.5934555555555558,7.193534459129144
2024-07-01,2.3377007134558414,1.5918317204301067,7.036391601986287
2024-07-02,2.5143682301376646,1.6095189964157681,6.95894062159413
2024-07-03,2.5628178768935643,1.627206272401434,7.018183045836555
2024-07-04,2.559948758503198,1.746276881720429,7.10055484070835
2024-07-05,2.707005246257753,2.171911379928315,7.145072384567999
2024-07-06,2.7674893115755594,2.1823569892473103,7.130786670282284
2024-07-07,2.809593558087428,2.2048720430107513,7.138051627547242
2024-07-08,2.8421160203377958,2.145314874551972,7.185189674685288
2024-07-09,3.013017354428516,2.1581743727598557,7.181654321149936
2024-07-10,3.1593296555581167,2.1517227598566304,7.087209876705491
2024-07-11,3.313126262862257,2.1742378136200697,6.976716049544998
2024-07-12,3.426763675451456,2.2933084229390683,7.420466049544998
2024-07-13,3.544196565951729,2.5330734767025067,7.394771605100553
2024-07-14,3.6496170936658183,2.4445496415770576,7.646854938433886
2024-07-15,3.844692655072136,2.39947580645161,7.748243827322775
2024-07-16,3.922252034833152,2.3592297491039425,7.476815255894204
2024-07-17,3.9860472553563007,2.290017025089605,7.421259700338648
2024-07-18,4.025214734269482,2.377707078853044,7.573452682794788
2024-07-19,4.019034124061816,2.426774910394263,7.598452682794788
2024-07-20,4.020862772679724,2.410667741935481,7.4893617737038785
2024-07-21,4.02193227681937,2.3704216845878108,7.489361773703879
2024-07-22,3.9867311879029006,2.4025922939068103,7.584554081396187
2024-07-23,3.9633656026876554,2.4009684587813593,7.653760430602535
2024-07-24,3.960356750968696,2.4669335125448013,7.672371541713646
2024-07-25,3.950898672329808,2.6246263440860194,7.46820487504698
2024-07-26,3.944451581133012,3.0237080645161276,7.454315986158092
2024-07-27,3.9450183427643255,3.178987007168458,7.165427097269203
2024-07-28,3.9464806141589617,3.334265949820786,7.32283450467661
2024-07-29,3.951778555157856,3.385747670250894,7.5635752454173515
2024-07-30,3.951316472607647,2.8337571684587806,7.557325245417351
2024-07-31,3.9607714566589727,4.734277777777775,7.753621541713647
2024-08-01,3.800554606265168,5.495776143790842,7.701660757399922
2024-08-02,3.72486597875706,5.251487472766881,7.83075166649083
2024-08-03,3.5999998357444665,5.232495098039212,7.853657649396813
2024-08-04,3.527490383572961,5.189363834422656,7.86330677220383
2024-08-05,3.662632589136817,5.001399237472764,8.019497248394307
2024-08-06,3.7637960011045046,5.10310130718954,8.241719470616529
2024-08-07,4.100823357678528,5.126025599128541,8.579682433579494
2024-08-08,4.332472721046941,4.28924903636668,8.717662231559292
2024-08-09,4.505158993904439,3.55215196078431,8.769416617524202
2024-08-10,4.670062189525572,3.46979847494553,8.85608328419087
2024-08-11,4.806749467361051,3.4991116557734196,8.484654712762298
2024-08-12,4.887431633130313,3.51175816993464,8.541599157206743
2024-08-13,4.911748952015265,3.4909046840958604,8.499174914782499
2024-08-14,4.937702999740026,3.50705119825708,8.604576149350402
2024-08-15,4.934809561129925,3.542197712418301,9.037909482683736
2024-08-16,4.950554898771118,3.67734422657952,9.223687260461512
2024-08-17,4.981699213206846,3.7974907407407406,9.320115831890083
2024-08-18,5.00076660627771,3.680137254901962,9.967338054112306
2024-08-19,5.034438875883235,3.6577837690631805,10.175181191367209
2024-08-20,5.086301878415592,3.652930283224401,10.161847858033875
2024-08-21,5.107985577994599,3.648076797385621,10.085458969144986
2024-08-22,5.128859804682107,3.5532233115468417,9.947363731049746
2024-08-23,5.1516259916721205,3.4983698257080613,9.970974842160858
2024-08-24,5.183362843497759,3.441516339869282,10.100141508827525
2024-08-25,5.212323094242281,3.4419961873638316,10.115419286605304
2024-08-26,5.23344348496647,3.433809368191721,10.220974842160858
2024-08-27,5.241328213367641,3.486455882352942,10.083937805123822
2024-08-28,5.232385784475432,3.534102396514161,10.047641508827526
2024-08-29,5.215089276012625,3.556748910675381,9.945558175494194
2024-08-30,5.194390989790607,3.5293954248366024,9.820690450626467
2024-08-31,5.184630651117348,3.4645419389978223,10.147651234940192
2024-09-01,5.29568911426823,3.444688453159042,10.338762346051304
2024-09-02,5.312760251949575,3.433168300653593,10.518603615892573
2024-09-03,5.2597361947283146,3.4499814814814833,10.608603615892575
2024-09-04,5.308628497458355,3.435127995642702,10.45915917144813
2024-09-05,5.374754823275386,3.2702745098039223,10.290640652929612
2024-09-06,5.455560600110132,3.1954210239651424,10.280085097374057
2024-09-07,5.559365829734665,2.9715675381263633,10.301196208485168
2024-09-08,5.63549893233935,2.949047385620913,10.474441822520255
2024-09-09,5.696907284656223,2.9418605664488027,10.696108489186921
2024-09-10,5.751293964716383,2.938507080610023,10.459203727282159
2024-09-11,5.801637347644201,3.2144869281045736,10.360989441567872
2024-09-12,5.858739777144064,3.4113001089324637,10.195080350658781
2024-09-13,5.892262895180486,3.506446623093683,10.410512449424212
2024-09-14,5.921565149131088,3.301593137254904,10.330512449424214
2024-09-15,5.946032205893933,3.3367396514161234,10.00917911609088
2024-09-16,5.979746737983554,3.291886165577343,9.846083877995644
2024-09-17,6.00453302484086,3.3836993464052343,9.307194989106755
2024-09-18,6.034356017619336,3.3671791938997844,9.506018518518518
2024-09-19,6.053923713747065,3.357325708061004,9.49861111111111
2024-09-20,6.076911439018334,3.3424722222222245,9.377976190476192
2024-09-21,6.0971385704261065,3.317472222222224,9.511309523809524
2024-09-22,6.114698134307525,3.3273028265107234,9.326865079365081
2024-09-23,6.128943696872615,3.322133430799221,9.035198412698414
2024-09-24,6.152136886389535,3.3619640350877216,8.985198412698415
2024-09-25,6.173416571480691,3.3684613060428896,8.90186507936508
2024-09-26,6.176616012427251,3.43162524366472,8.742605820105819
2024-09-27,6.191595935239001,3.394789181286548,8.718161375661374
2024-09-28,6.204728045825086,3.3712864522417174,8.584828042328041
2024-09-29,6.2176148316823525,3.366117056530217,8.631917989417989
2024-09-30,6.217984749091749,3.3259476608187155,8.391766474266474
2024-10-01,7.085188666581338,3.2707782651072144,8.128274410774411
2024-10-02,7.114803943243643,3.3172755360623842,7.761210918710918
2024-10-03,7.184367709496804,3.3404394736842127,7.565655363155363
2024-10-04,7.152650747267695,3.300270077972711,7.5112902837902835
2024-10-05,7.134318233511777,3.2601006822612106,7.639808802308803
2024-10-06,7.11972430801575,3.2499312865497103,7.44897546897547
2024-10-07,7.147473677679042,3.249761890838209,7.313261183261184
2024-10-08,7.162215832275339,3.319592495126707,7.150165945165946
2024-10-09,7.159018977940605,3.3494230994152066,6.866832611832612
2024-10-10,7.183931736051963,3.372587037037036,6.885165945165946
2024-10-11,7.217634853778208,3.369084307992205,7.166118326118326
2024-10-12,7.24885660322218,3.3289149122807045,7.074451659451659
2024-10-13,7.274728509644974,3.328745516569204,6.8466738816738815
2024-10-14,7.297178787381335,3.3335761208577015,6.720007215007215
2024-10-15,7.314959007021822,3.3434067251462007,6.7814886964886965
2024-10-16,7.32636653071961,3.3632373294347007,7.173155363155363
2024-10-17,7.346557522128203,3.3980679337231985,7.23982202982203
2024-10-18,7.355061612599387,3.3878985380116973,7.037322029822031
2024-10-19,7.35974298937814,3.377729142300197,7.133618326118326
2024-10-20,7.363544056684335,3.397559746588695,7.24647546897547
2024-10-21,7.368737232700049,3.4273903508771957,7.098856421356421
2024-10-22,7.386811505373462,3.419720955165694,7.118856421356422
2024-10-23,7.399042460499471,3.412051559454193,7.1771897546897545
2024-10-24,7.45152376091576,3.4268821637426923,7.161911976911977
2024-10-25,7.502830949599436,3.416712768031192,7.211911976911977
2024-10-26,7.557575007097616,3.4065433723196907,7.734134199134199
2024-10-27,7.607614936437932,3.3963739766081886,7.979134199134199
2024-10-28,7.67475457659171,3.391204580896688,8.282164502164502
2024-10-29,7.721456046124028,3.416035185185188,8.101741221741223
2024-10-30,7.813500777807125,3.408365789473687,7.87022607022607
2024-10-31,7.89512569028167,3.4006963937621855,7.762607022607023
2024-11-01,10.808653254820763,3.3805269980506853,7.6528848003848005
2024-11-02,10.797470362876842,3.3653576023391834,7.575107022607023
2024-11-03,10.78628747093292,3.355188206627683,7.82113876863877
2024-11-04,10.615158997204622,3.3150188109161807,7.768281625781626
2024-11-05,10.642809331855648,3.309849415204681,7.751614959114959
2024-11-06,10.615375194060928,3.304680019493179,7.744736652236653
2024-11-07,10.478233620339685,3.284510623781679,7.755054112554112
2024-11-08,10.360836504695047,3.264341228070178,7.905980038480039
2024-11-09,10.21445773749577,3.270838499025343,7.888572631072631
2024-11-10,10.097288567370663,3.2773357699805095,7.668334535834536
2024-11-11,10.05255747800995,3.283833040935675,7.825001202501202
2024-11-12,10.01257171228898,3.293663645224173,7.856945646945647
2024-11-13,9.970184510080506,3.3434942495126734,7.9479260391025095
2024-11-14,9.932584504442175,3.3733248538011713,8.184222335398806
2024-11-15,9.863394264744596,3.408155458089671,7.881444557621028
2024-11-16,9.79436432125302,3.40965272904484,7.757635033811505
2024-11-17,9.733405513357832,3.4228166666666695,8.039182652859123
2024-11-18,9.687437717607327,3.4781900462963,8.181775245451716
2024-11-19,9.642330844659526,3.6410634259259282,8.245108578785048
2024-11-20,9.596417193973917,3.876936805555558,8.441212474888946
2024-11-21,9.56107496027914,4.124310185185187,8.538135551812022
2024-11-22,9.547115363711251,4.703969279100538,8.844087932764404
2024-11-23,9.525402606699927,4.591723611111116,8.81186571054218
2024-11-24,9.504559462686402,4.546430324074076,9.18686571054218
2024-11-25,9.479461369852972,4.4638037037037055,8.93686571054218
2024-11-26,9.442059437673048,4.127843750000006,8.85125964993612
2024-11-27,9.415576487161143,3.871550462962965,8.823229346905817
2024-11-28,9.38678691409257,3.8269238425925955,8.987911886588357
2024-11-29,9.359382831877795,3.8652972222222246,9.12624521992169
2024-11-30,9.331841141272369,3.8226706018518533,9.18624521992169
2024-12-01,8.979508868914273,3.8030439814814843,9.532078553255023
2024-12-02,8.972740219798482,3.763417361111114,9.672078553255023
2024-12-03,8.993138019451587,3.7787907407407433,9.649856331032801
2024-12-04,8.972637542206876,3.8041641203703715,9.657157918334388
2024-12-05,9.11005517513764,3.826204166666672,9.56965791833439
2024-12-06,9.216976189675847,3.809910879629637,9.65210558339075
2024-12-07,9.31717465243158,3.793617592592602,9.557661138946305
2024-12-08,9.392219145707267,3.770657638888892,9.479883361168527
2024-12-09,9.4892413872784,3.7460310185185195,9.458124101909268
2024-12-10,9.524884906093638,3.74640439814815,9.436827805612971
2024-12-11,9.560969300022974,3.74177777777778,9.400531509316675
2024-12-12,9.62041642312593,3.732926851851854,9.267793414078579
2024-12-13,9.693504384902782,3.7340759259259277,9.083479688588382
2024-12-14,9.753130206396804,3.720225000000003,9.005701910810608
2024-12-15,9.804739761992602,3.706374074074076,9.01514635525505
2024-12-16,9.85066897737505,3.6875231481481503,9.032289212397908
2024-12-17,9.894734354523976,3.688672222222224,8.720384450493146
2024-12-18,9.933833557034808,3.756487962962968,8.451402969011664
2024-12-19,9.962578286367725,3.8659703703703725,8.469180746789442
2024-12-20,9.98700156576902,3.832119444444446,8.12736256497126
2024-12-21,10.015943290518084,3.7632685185185197,7.95710615471485
2024-12-22,10.041222287302856,3.707750925925925,7.746987107095803
2024-12-23,10.07616227894055,3.68556666666667,7.73425983436853
2024-12-24,10.124982482051612,3.6667157407407425,7.414815389924085
2024-12-25,10.171054823347909,3.637864814814817,7.153704278812975
2024-12-26,10.212567468254356,3.6390138888888908,6.995262720371415
2024-12-27,10.247839979446027,3.626829629629631,6.891474841583537
2024-12-28,10.269647201457811,3.614645370370373,6.817863730472426
2024-12-29,10.289542047620484,3.602461111111113,7.173816111424808
2024-12-30,10.317011010288004,3.5923601851851865,7.3038161114248075
2024-12-31,10.340162697619077,3.5822592592592617,6.9808994447581405
2025-01-01,11.315382258903789,3.572158333333337,7.215899444758141
2025-01-02,11.321373214704014,3.5620574074074103,7.056375635234331
2025-01-03,11.33917391719975,3.5519564814814837,6.941931190789886
2025-01-04,11.347826182076286,3.541855555555559,7.276190450049146
2025-01-05,11.352819071905143,3.5317546296296323,7.483557599807599
2025-01-06,11.351120620979438,3.5216537037037057,7.525476791726792
2025-01-07,11.356353495069692,3.542802777777779,7.346078643578644
2025-01-08,11.358071614534236,3.608951851851854,7.282937617937618
2025-01-09,11.365161787973214,3.671767592592597,7.43529452029452
2025-01-10,11.49667994844608,3.601250000000002,7.45242414992415
2025-01-11,11.602218096081767,3.5740657407407452,7.450043197543198
2025-01-12,11.69007991910882,3.5785481481481494,7.716709864209864
2025-01-13,11.751955568268,3.584697222222224,7.537315924815926
2025-01-14,11.799703542431832,3.5958462962962976,7.4639825914825915
2025-01-15,11.851052182704535,3.6219953703703727,7.468085155585156
2025-01-16,11.885559118252925,3.6464777777777755,7.5561803936803935
2025-01-17,11.91708965292402,3.6492935185185207,7.587013727013727
2025-01-18,11.945059039296533,3.625442592592596,7.34423594923595
2025-01-19,11.970029563943928,3.736591666666669,7.74173594923595
2025-01-20,11.997014550043003,3.6937407407407425,7.890624838124838
2025-01-21,12.016593658837886,3.658889814814817,8.018680393680393
2025-01-22,12.03038628243167,3.613372222222222,8.273225848225849
2025-01-23,12.028168745808951,3.591187962962966,8.390747215747217
2025-01-24,12.007335898621664,3.58233703703704,8.758268583268583
2025-01-25,11.983796831966313,3.57015277777778,9.335649535649537
2025-01-26,11.962028478129366,3.557968518518522,9.57872312872313
2025-01-27,11.951084374050376,3.5457842592592623,9.612519425019425
2025-01-28,11.95104910227474,3.529433333333336,9.166567044067046
2025-01-29,11.965619581368452,3.51308240740741,8.932400377400377
2025-01-30,11.980492721290998,3.4792314814814835,8.949434691125868
2025-01-31,11.9884186238137,3.440380555555558,8.738879135570311
2025-02-01,13.028290386664956,3.388196296296301,8.748402945094123
2025-02-02,13.027707580586275,3.4226787037037063,9.10506961176079
2025-02-03,12.95902048949499,3.3938277777777808,8.75831035250153
2025-02-04,12.981276008569782,3.3649768518518535,8.607065141773559
2025-02-05,12.997263833910829,3.3661259259259273,8.588650223358643
2025-02-06,13.02451911650472,3.3522750000000023,8.772122445580864
2025-02-07,13.0740469904968,3.3384240740740765,8.779906328364746
2025-02-08,13.114964908695342,3.31957314814815,8.73634572230414
2025-02-09,13.146660443721167,3.3207222222222246,8.780327203785621
2025-02-10,13.23933066883709,3.301871296296299,8.759525198773092
2025-02-11,13.207218160227212,3.3130203703703724,8.430113434067207
2025-02-12,13.16468906307081,3.314169444444448,8.47172959568337
2025-02-13,13.131449530407874,3.320318518518521,8.4331331044553
2025-02-14,13.11943585145696,3.2864675925925946,8.430434049124665
2025-02-15,13.097717847626086,3.2842833333333363,8.401862620553237
2025-02-16,13.078627960938052,3.2820990740740763,8.441862620553236
2025-02-17,13.07933698155246,3.279914814814818,8.552827532833938
2025-02-18,13.07826248528244,3.281063888888892,8.318105310611717
2025-02-19,13.10091034930961,3.2822129629629657,8.3019436944501
2025-02-20,13.11925424480674,3.30836203703704,8.576864329370734
2025-02-21,13.130108985174676,3.2970111111111144,8.38671281421922
2025-02-22,13.125636562582708,3.293304166666668,8.32196922447563
2025-02-23,13.121492779634549,3.292097222222223,8.348892301398706
2025-02-24,13.125627935024683,3.2908902777777786,7.713892301398706
2025-02-25,13.133883384281,3.3196833333333347,7.458865846372252
2025-02-26,13.137345870543404,3.3800291666666684,7.486379073885479
2025-02-27,13.141597892790571,3.4753750000000005,7.554712407218813
2025-02-28,13.143513448965509,3.4723875000000053,7.704712407218812
2025-03-01,13.73044519907056,3.4610666666666683,8.07059476015999
2025-03-02,13.72981513844496,3.445262037037038,8.161705871271101
2025-03-03,13.736917314704684,3.4244574074074094,8.3367058712711
2025-03-04,13.745780473146974,3.4111527777777804,8.013372537937766
2025-03-05,13.754952378999011,3.3978481481481495,8.430872537937766
2025-03-06,13.774601878431053,3.4070435185185195,8.441758271541554
2025-03-07,13.792384208321902,3.39623888888889,8.479365109148391
2025-03-08,13.75609383943592,3.380434259259262,8.51464288692617
2025-03-09,13.727727983496688,3.3846296296296314,8.927738125021408
2025-03-10,13.669763363278715,3.4258250000000015,8.980052939836222
2025-03-11,13.61259815928376,3.5221870370370425,9.250654791688074
2025-03-12,13.586708891549804,3.986501455026464,9.550894026137835
2025-03-13,13.58384729513178,4.374188888888893,9.830305790843717
2025-03-14,13.656417049566604,4.130256400966186,9.968279647052867
2025-03-15,13.696457436721357,3.8429277777777804,10.27020947161427
2025-03-16,13.731406142145744,3.898686111111112,10.655472629509008
2025-03-17,13.821939578700745,3.9311111111111163,10.742972629509008
2025-03-18,13.903908441984626,3.927020959595959,10.870055962842342
2025-03-19,14.000255868903956,4.015961111111112,10.995202161672749
2025-03-20,14.092996026981552,4.092148015873016,11.156060747531336
2025-03-21,14.173238390417096,4.079477777777778,11.210000141470731
2025-03-22,14.24341260673071,4.072236111111112,11.052857284327873
2025-03-23,14.307424450609386,4.088994444444445,11.373690617661206
2025-03-24,14.38182815276179,4.096752777777778,11.494145163115752
2025-03-25,14.44739025215845,4.178261111111111,11.228589607560195
2025-03-26,14.46335607278282,4.3050283068783095,11.281446750417338
2025-03-27,14.47043851552435,4.4255455026455,11.316305138216903
2025-03-28,14.469225000037255,4.435348412698407,11.221662281074044
2025-03-29,14.466148024883667,4.414913227513227,11.13499561440738
2025-03-30,14.46250650295341,4.410430423280426,11.22249561440738
2025-03-31,14.453864074221922,4.427114285714286,10.97249561440738
2025-04-01,14.700984624919665,4.4528648148148156,10.835987677899444
2025-04-02,14.525972458021316,4.604839153439154,10.664074097652529
2025-04-03,14.544209232690136,4.800444942783313,10.568976058436844
2025-04-04,14.473028061584586,4.864595349484823,10.282565802026587
2025-04-05,14.43458726027182,4.876214757303891,10.173322104547594
2025-04-06,14.408718536156831,4.89605079365079,10.30526654899204
2025-04-07,14.425767624418716,4.956234656084661,10.232349882325373
2025-04-08,14.523492238451304,5.053618518518518,9.953778453753944
2025-04-09,14.599574665270003,5.325200082101808,9.855630305605795
2025-04-10,14.650860280678614,5.449277471456417,9.470213638939128
2025-04-11,14.69644431905109,5.529255820105826,9.105062123787613
