Fecha,EPU_index,EPU_index_norm
2019-04-03,0.0,0.0
2019-04-04,0.0,0.0
2019-04-10,0.0,0.0
2019-04-18,0.0,0.0
2019-04-26,0.0,0.0
2019-04-28,0.0,0.0
2019-04-29,0.0,0.0
2019-04-30,0.0,0.0
2019-05-03,0.0,0.0
2019-05-13,0.0,0.0
2019-05-15,0.0,0.0
2019-05-18,0.005729517396184062,143.79973231020733
2019-05-19,0.0,0.0
2019-05-21,0.0,0.0
2019-05-24,0.0,0.0
2019-06-02,0.018094089264173704,454.1264146118298
2019-06-04,0.0,0.0
2019-06-07,0.008097165991902834,203.223102679194
2019-06-13,0.0,0.0
2019-06-15,0.0,0.0
2019-06-17,0.0,0.0
2019-06-25,0.0,0.0
2019-06-28,0.0,0.0
2019-07-02,0.0,0.0
2019-07-03,0.0,0.0
2019-07-18,0.0,0.0
2019-07-21,0.0,0.0
2019-07-23,0.015665796344647518,393.1809897788061
2019-07-26,0.0,0.0
2019-08-02,0.0,0.0
2019-08-05,0.0,0.0
2019-08-14,0.0,0.0
2019-08-17,0.0,0.0
2019-08-20,0.0,0.0
2019-08-27,0.0,0.0
2019-08-30,0.0,0.0
2019-09-04,0.0,0.0
2019-09-06,0.0,0.0
2020-04-17,0.0,0.0
2020-04-20,0.034934497816593885,876.7878840482256
2020-04-21,0.0,0.0
2020-04-29,0.005376344086021506,134.93576978967988
2020-04-30,0.0,0.0
2020-05-02,0.0,0.0
2020-05-03,0.0,0.0
2020-05-04,0.006237006237006237,156.53671422586567
2020-05-05,0.0,0.0
2020-05-09,0.0,0.0
2020-05-10,0.0,0.0
2020-05-13,0.0,0.0
2020-05-14,0.0,0.0
2020-05-16,0.0,0.0
2020-05-20,0.0,0.0
2020-05-22,0.0,0.0
2020-05-26,0.0,0.0
2020-05-30,0.0,0.0
2020-05-31,0.0,0.0
2020-06-01,0.0,0.0
2020-06-03,0.03214285714285714,806.7231379568717
2020-06-04,0.01206896551724138,302.9075383899366
2020-06-05,0.0,0.0
2020-06-06,0.00954653937947494,239.5995530394316
2020-06-09,0.0,0.0
2020-06-13,0.0,0.0
2020-06-14,0.0,0.0
2020-06-16,0.0,0.0
2020-06-23,0.006628787878787879,166.36967070659395
2020-06-24,0.0,0.0
2020-06-27,0.0,0.0
2020-06-28,0.029925187032418952,751.0639355874451
2020-06-30,0.0,0.0
2020-07-11,0.0,0.0
2020-07-12,0.0,0.0
2020-07-13,0.0,0.0
2020-07-14,0.01910828025477707,479.5806340295629
2020-07-16,0.0,0.0
2020-07-22,0.0,0.0
2020-07-26,0.004381694255111977,109.97199543715878
2020-07-27,0.0,0.0
2020-07-28,0.0,0.0
2020-08-06,0.009009009009009009,226.10858721513924
2020-08-08,0.0,0.0
2020-08-11,0.0,0.0
2020-08-13,0.0,0.0
2020-08-17,0.002976190476190476,74.6965868478585
2020-08-18,0.0,0.0
2020-08-19,0.006153846153846155,154.44955803618745
2020-08-20,0.0,0.0
2020-08-21,0.0,0.0
2020-08-22,0.0057363963525177905,143.97238072210018
2020-08-23,0.0,0.0
2020-08-24,0.0,0.0
2020-08-25,0.0,0.0
2020-08-26,0.0,0.0
2020-08-27,0.0,0.0
2020-08-28,0.0,0.0
2020-08-29,0.01948726658740546,489.0924531606971
2020-08-31,0.0,0.0
2020-09-01,0.0,0.0
2020-09-02,0.00816326530612245,204.88206678269765
2020-09-03,0.0,0.0
2020-09-04,0.0,0.0
2020-09-05,0.0,0.0
2020-09-06,0.007428040854224698,186.42936438908418
2020-09-09,0.0,0.0
2020-09-10,0.0,0.0
2020-09-12,0.0,0.0
2020-09-13,0.006265664160401002,157.25597231128106
2020-09-17,0.0,0.0
2020-09-18,0.0,0.0
2020-09-19,0.005417956656346749,135.980164292696
2020-09-20,0.0,0.0
2020-09-21,0.0,0.0
2020-09-22,0.0,0.0
2020-09-23,0.004464285714285714,112.04488027178776
2020-09-24,0.012048192771084338,302.3861829021742
2020-09-25,0.0,0.0
2020-09-26,0.0,0.0
2020-09-27,0.0,0.0
2020-09-28,0.005183205842367765,130.08837587919646
2020-09-29,0.0,0.0
2020-09-30,0.0,0.0
2020-10-01,0.0,0.0
2020-10-02,0.0,0.0
2020-10-03,0.0,0.0
2020-10-04,0.0,0.0
2020-10-05,0.007032483382030212,176.50164191585233
2020-10-07,0.0,0.0
2020-10-08,0.0,0.0
2020-10-09,0.0,0.0
2020-10-10,0.0,0.0
2020-10-11,0.0,0.0
2020-10-12,0.004507475813544415,113.12886767987014
2020-10-13,0.0,0.0
2020-10-14,0.0,0.0
2020-10-15,0.0,0.0
2020-10-16,0.0,0.0
2020-10-17,0.0,0.0
2020-10-18,0.0,0.0
2020-10-19,0.015362106803218726,385.5589735175491
2020-10-20,0.0,0.0
2020-10-21,0.0,0.0
2020-10-22,0.008836161743138487,221.7704573441511
2020-10-24,0.007105697059185431,178.33916267866184
2020-10-25,0.006785365041716081,170.29945266867733
2020-10-26,0.00608272506082725,152.66455706131666
2020-10-27,0.0,0.0
2020-10-28,0.0033752964787447546,84.7133705247744
2020-10-29,0.0,0.0
2020-10-30,0.0,0.0
2020-10-31,0.0,0.0
2020-11-01,0.0,0.0
2020-11-02,0.0,0.0
2020-11-04,0.0,0.0
2020-11-05,0.001594896331738437,40.02879295196246
2020-11-06,0.0,0.0
2020-11-07,0.0,0.0
2020-11-08,0.0,0.0
2020-11-09,0.0,0.0
2020-11-10,0.02295918367346939,576.2308128263371
2020-11-11,0.01993398802004808,500.3042914342007
2020-11-12,0.014408262584469802,361.6193405891132
2020-11-13,0.0,0.0
2020-11-14,0.011538461538461539,289.59292131785145
2020-11-15,0.007405808351054791,185.87137184218176
2020-11-16,0.0,0.0
2020-11-17,0.0,0.0
2020-11-19,0.0019933554817275745,50.02934188879825
2020-11-20,0.0,0.0
2020-11-21,0.011540371905183323,289.6408678034298
2020-11-22,0.0023234200743494425,58.31332058754754
2020-11-23,0.008438818565400843,211.7979171382317
2020-11-24,0.0,0.0
2020-11-25,0.005363036303630363,134.6017703595074
2020-11-26,0.012698412698412698,318.7054372175296
2020-11-27,0.0,0.0
2020-11-28,0.0,0.0
2020-11-29,0.0,0.0
2020-11-30,0.010038166361955522,251.93843319088504
2020-12-02,0.0,0.0
2020-12-03,0.0,0.0
2020-12-04,0.0,0.0
2020-12-05,0.021739130434782608,545.6098517582708
2020-12-06,0.028634361233480177,718.6667210384272
2020-12-07,0.0029250457038391227,73.41295263146021
2020-12-08,0.0,0.0
2020-12-09,0.005891016200294551,147.85303788442096
2020-12-10,0.005780346820809248,145.0754519126038
2020-12-11,0.002577319587628866,64.68570407443417
2020-12-12,0.001756440281030445,44.08323158234273
2020-12-13,0.0,0.0
2020-12-14,0.006493506493506494,162.97437130441855
2020-12-15,0.010230179028132993,256.75757729800983
2020-12-16,0.0030185424752048294,75.75953957143734
2020-12-17,0.008278145695364239,207.7653409013283
2020-12-18,0.03791646528741367,951.6294622145163
2020-12-19,0.0,0.0
2020-12-20,0.0,0.0
2020-12-21,0.0,0.0
2020-12-22,0.0058823529411764705,147.63560694635564
2020-12-23,0.0022675736961451248,56.91168521741601
2020-12-24,0.0,0.0
2020-12-25,0.024489795918367346,614.6462003480929
2020-12-26,0.007772020725388601,195.06258948870823
2020-12-27,0.0,0.0
2020-12-28,0.00831255195344971,208.62887099651255
2020-12-29,0.0035587188612099642,89.31691523445002
2020-12-30,0.0,0.0
2020-12-31,0.0,0.0
2021-01-02,0.0037650602409638554,94.49568215692943
2021-01-03,0.0,0.0
2021-01-04,0.0009881422924901185,24.800447807194125
2021-01-05,0.003962396286490103,99.44843272205185
2021-01-07,0.0041562280239099865,104.31323197595854
2021-01-08,0.0,0.0
2021-01-09,0.009321318637672524,233.9469508842372
2021-01-10,0.003719200371920037,93.34468872479947
2021-01-11,0.004448398576512456,111.64614404306255
2021-01-12,0.0,0.0
2021-01-13,0.0,0.0
2021-01-15,0.0,0.0
2021-01-16,0.0,0.0
2021-01-21,0.0,0.0
2021-01-22,0.0034482758620689655,86.5450109685533
2021-01-23,0.0019157088122605363,48.08056164919628
2021-01-24,0.0,0.0
2021-01-25,0.0,0.0
2021-01-26,0.0,0.0
2021-01-27,0.0,0.0
2021-01-28,0.0,0.0
2021-01-29,0.021739130434782608,545.6098517582708
2021-01-30,0.0,0.0
2021-01-31,0.0,0.0
2021-02-01,0.004406364749082008,110.5911768068172
2021-02-02,0.0,0.0
2021-02-03,0.004926514671074746,123.64592721102177
2021-02-04,0.0,0.0
2021-02-05,0.006013250934705888,150.92089174922748
2021-02-06,0.00805039152391948,202.04915459424035
2021-02-07,0.011936109033841355,299.573099304138
2021-02-08,0.006618615610099997,166.11436656609527
2021-02-09,0.0047814207650273225,120.00435264082188
2021-02-10,0.028740661821594817,721.3346588520874
2021-02-11,0.0,0.0
2021-02-12,0.0029644268774703555,74.40134342158238
2021-02-13,0.003195425496131853,80.19895903745858
2021-02-14,0.0030497592295345107,76.54301933173817
2021-02-15,0.004591368227731864,115.23440395261919
2021-02-16,0.0044736057262153295,112.27879442684367
2021-02-17,0.0,0.0
2021-02-18,0.0020350020350020353,51.07458929768104
2021-02-19,0.005128205128205128,128.7079650301562
2021-02-20,0.003048780487804878,76.5184548197575
2021-02-21,0.0,0.0
2021-02-22,0.0,0.0
2021-02-23,0.0,0.0
2021-02-24,0.006423776860596624,161.2242932693634
2021-02-25,0.0018286311389759666,45.89508157423282
2021-02-26,0.0,0.0
2021-02-27,0.009730136161326761,244.2074748341871
2021-02-28,0.012776059036435847,320.65420913853524
2021-03-01,0.006716161702858124,168.56258358972588
2021-03-02,0.007511737089201879,188.52997694558093
2021-03-03,0.006485826191491836,162.78161067600948
2021-03-04,0.0,0.0
2021-03-05,0.0,0.0
2021-03-06,0.0,0.0
2021-03-07,0.007326007326007327,183.86852147165175
2021-03-08,0.002110490378646803,52.969199761013996
2021-03-09,0.0,0.0
2021-03-10,0.007022471910112359,176.25037346123918
2021-03-11,0.0,0.0
2021-03-12,0.0047619047619047615,119.5145389565736
2021-03-13,0.014354066985645933,360.2591365676621
2021-03-14,0.0,0.0
2021-03-16,0.011029411764705883,276.81676302441684
2021-03-17,0.006218905472636816,156.08242027910734
2021-03-19,0.0,0.0
2021-03-20,0.0,0.0
2021-03-22,0.0,0.0
2021-03-23,0.001335559265442404,33.5199374702911
2021-03-25,0.0,0.0
2021-03-26,0.0,0.0
2021-03-27,0.005739608288151977,144.05299405346057
2021-03-28,0.004540733337252827,113.96356677856825
2021-03-29,0.008132956152758133,204.12136603969256
2021-03-31,0.0,0.0
2021-04-01,0.0,0.0
2021-04-02,0.0,0.0
2021-04-03,0.0,0.0
2021-04-04,0.0,0.0
2021-04-05,0.010128084211845885,254.19519616934377
2021-04-06,0.0,0.0
2021-04-07,0.012172683677637524,305.5106622953821
2021-04-08,0.0,0.0
2021-04-09,0.0,0.0
2021-04-10,0.004063593263109599,101.98827982299228
2021-04-11,0.0,0.0
2021-04-12,0.0027548209366391185,69.14064237157152
2021-04-13,0.0,0.0
2021-04-14,0.0,0.0
2021-04-15,0.001890359168241966,47.444334935501814
2021-04-16,0.004254674842910137,106.78405547471282
2021-04-17,0.0,0.0
2021-04-18,0.0008972633467922835,22.519563195047517
2021-04-19,0.007162078621040765,179.7542301165281
2021-04-20,0.0,0.0
2021-04-21,0.0,0.0
2021-04-22,0.008963222221187946,224.95942797942456
2021-04-23,0.0,0.0
2021-04-24,0.0022818231190207625,57.26931799054562
2021-04-25,0.004298765605414855,107.8906477768418
2021-04-26,0.01087096890160432,272.8401556201629
2021-04-27,0.002631578947368421,66.04750837073806
2021-04-28,0.0017271157167530226,43.34724210860183
2021-04-29,0.020356234096692113,510.9018459212307
2021-04-30,0.0,0.0
2021-05-02,0.001201923076923077,30.16592930394286
2021-05-03,0.0,0.0
2021-05-04,0.004364089775561097,109.53015727316908
2021-05-05,0.0,0.0
2021-05-06,0.005076142131979695,127.40128518213429
2021-05-07,0.0,0.0
2021-05-08,0.0024122807017543857,60.5435493398432
2021-05-09,0.0,0.0
2021-05-10,0.003968253968253968,99.595449130478
2021-05-11,0.0,0.0
2021-05-12,0.0,0.0
2021-05-13,0.003455723542116631,86.7319332384638
2021-05-14,0.0,0.0
2021-05-15,0.0030911901081916537,77.58285372760574
2021-05-16,0.0,0.0
2021-05-17,0.007677419018254477,192.6882708120539
2021-05-18,0.0,0.0
2021-05-19,0.0022988505747126436,57.69667397903554
2021-05-21,0.0,0.0
2021-05-22,0.004464285714285714,112.04488027178776
2021-05-23,0.0019123444138705618,47.99612179948303
2021-05-24,0.009433734672352383,236.76837450101598
2021-05-25,0.0,0.0
2021-05-26,0.013539651837524178,339.81890186878763
2021-05-27,0.0,0.0
2021-05-28,0.004722527453299645,118.52624517108245
2021-05-29,0.0,0.0
2021-05-30,0.0,0.0
2021-05-31,0.0,0.0
2021-06-01,0.006277109020907452,157.5432160289197
2021-06-02,0.0,0.0
2021-06-04,0.00927643784786642,232.8205304348837
2021-06-05,0.008343763037129746,209.412208434547
2021-06-07,0.0,0.0
2021-06-08,0.0,0.0
2021-06-09,0.009195402298850575,230.78669591614215
2021-06-10,0.00646551724137931,162.27189556603744
2021-06-11,0.0,0.0
2021-06-12,0.0024009603841536613,60.259431406675766
2021-06-13,0.013454719963866307,337.68727718697056
2021-06-14,0.011709601873536299,293.88821054895146
2021-06-15,0.02877697841726619,722.246134701596
2021-06-16,0.00546448087431694,137.1478315895107
2021-06-17,0.0056634304207119745,142.14107788524532
2021-06-18,0.0,0.0
2021-06-19,0.0,0.0
2021-06-20,0.0,0.0
2021-06-22,0.0,0.0
2021-06-23,0.0,0.0
2021-06-24,0.00246747420367878,61.92879878638068
2021-06-25,0.004022988505747126,100.96917946331219
2021-06-26,0.0015375744762636942,38.59012597483061
2021-06-27,0.006913404137722258,173.51298470947222
2021-06-28,0.009870063112202645,247.71936888870846
2021-06-29,0.003691983122362869,92.66158874797638
2021-06-30,0.0,0.0
2021-07-01,0.004253189892419315,106.74678610832319
2021-07-02,0.014567384967444901,365.6130026192907
2021-07-03,0.0,0.0
2021-07-04,0.0,0.0
2021-07-05,0.001826817683595177,45.84956737464461
2021-07-06,0.0034313725490196082,86.12077071870746
2021-07-07,0.0,0.0
2021-07-08,0.009150326797385621,229.6553885832199
2021-07-10,0.0,0.0
2021-07-11,0.0027624309392265192,69.33163862121673
2021-07-12,0.0,0.0
2021-07-13,0.0,0.0
2021-07-14,0.0,0.0
2021-07-15,0.0,0.0
2021-07-17,0.011190336381176075,280.8556576066985
2021-07-18,0.0,0.0
2021-07-19,0.0018063583815028901,45.33607872268869
2021-07-22,0.0038095238095238095,95.6116311652589
2021-07-23,0.013745704467353952,344.9904217303156
2021-07-24,0.0,0.0
2021-07-25,0.0,0.0
2021-07-26,0.0,0.0
2021-07-27,0.002785515320334262,69.91101164590657
2021-07-28,0.0,0.0
2021-07-29,0.0,0.0
2021-07-30,0.0,0.0
2021-07-31,0.0,0.0
2021-08-02,0.006173093869063845,154.9326382163315
2021-08-03,0.0,0.0
2021-08-04,0.0,0.0
2021-08-05,0.0,0.0
2021-08-06,0.0,0.0
2021-08-07,0.0,0.0
2021-08-08,0.003015075376884422,75.67252215340842
2021-08-09,0.0,0.0
2021-08-10,0.002932551319648094,73.60132897618902
2021-08-12,0.0,0.0
2021-08-13,0.0011690437222352118,29.340721511433788
2021-08-14,0.0,0.0
2021-08-15,0.0,0.0
2021-08-16,0.002881844380403458,72.32868351838748
2021-08-17,0.0,0.0
2021-08-18,0.011527377521613832,289.3147340735499
2021-08-19,0.0,0.0
2021-08-20,0.0,0.0
2021-08-21,0.0,0.0
2021-08-22,0.0009693053311793214,24.32767675044955
2021-08-23,0.007609262154716701,190.97766622634077
2021-08-24,0.008222643896268185,206.372353795981
2021-08-25,0.009668508287292817,242.66073517425855
2021-08-26,0.003067484662576687,76.98789319288485
2021-08-27,0.0018906340895869693,47.45123492603926
2021-08-28,0.0,0.0
2021-08-29,0.003196574709209607,80.2278020484002
2021-08-30,0.0,0.0
2021-08-31,0.002570694087403599,64.51941691743048
2021-09-02,0.00620347394540943,155.6951189880922
2021-09-03,0.0,0.0
2021-09-04,0.004427577482605946,111.12357512091285
2021-09-05,0.0,0.0
2021-09-06,0.0,0.0
2021-09-07,0.0,0.0
2021-09-08,0.0,0.0
2021-09-09,0.0,0.0
2021-09-10,0.0038071065989847713,95.55096388660073
2021-09-11,0.0010911074740861974,27.384673410671528
2021-09-12,0.0,0.0
2021-09-13,0.001474056603773585,36.99595103313747
2021-09-14,0.0,0.0
2021-09-15,0.004901960784313725,123.02967245529636
2021-09-16,0.0,0.0
2021-09-17,0.003463203463203463,86.9196646956899
2021-09-18,0.00431266846361186,108.23958245123649
2021-09-19,0.0,0.0
2021-09-20,0.0,0.0
2021-09-21,0.0,0.0
2021-09-23,0.0,0.0
2021-09-24,0.0,0.0
2021-09-25,0.0,0.0
2021-09-26,0.0,0.0
2021-09-27,0.0031645569620253164,79.42421892683689
2021-09-28,0.0,0.0
2021-09-29,0.0,0.0
2021-09-30,0.0029154518950437317,73.17216670810629
2021-10-01,0.00196078431372549,49.211868982118546
2021-10-02,0.0,0.0
2021-10-03,0.0,0.0
2021-10-04,0.0,0.0
2021-10-05,0.0,0.0
2021-10-06,0.0,0.0
2021-10-07,0.007433879834724143,186.57591143218139
2021-10-09,0.01585820895522388,398.01017171172373
2021-10-10,0.0,0.0
2021-10-11,0.0,0.0
2021-10-12,0.0,0.0
2021-10-13,0.0,0.0
2021-10-14,0.0,0.0
2021-10-16,0.0,0.0
2021-10-17,0.0,0.0
2021-10-18,0.00380952380952381,95.6116311652589
2021-10-19,0.0,0.0
2021-10-20,0.0024509803921568627,61.51483622764818
2021-10-21,0.01823658525194975,457.702786491095
2021-10-22,0.007661290322580646,192.28347195029386
2021-10-23,0.011729378346722318,294.38456152470445
2021-10-24,0.0015957446808510637,40.05008486310711
2021-10-25,0.0,0.0
2021-10-26,0.0,0.0
2021-10-27,0.0,0.0
2021-10-28,0.0,0.0
2021-10-29,0.010721247563352826,269.0824415104143
2021-10-30,0.00423728813559322,106.34768296983246
2021-10-31,0.001078167115902965,27.05989561280912
2021-11-01,0.0,0.0
2021-11-02,0.0,0.0
2021-11-03,0.003484320557491289,87.44966265115143
2021-11-04,0.005868544600938968,147.2890444887351
2021-11-05,0.0,0.0
2021-11-06,0.0,0.0
2021-11-07,0.0,0.0
2021-11-09,0.0,0.0
2021-11-10,0.007050528789659225,176.95454651619596
2021-11-11,0.0,0.0
2021-11-12,0.0,0.0
2021-11-15,0.0,0.0
2021-11-16,0.004824561403508772,121.08709867968643
2021-11-17,0.0,0.0
2021-11-18,0.0,0.0
2021-11-19,0.006069802731411229,152.3402317504125
2021-11-20,0.0,0.0
2021-11-21,0.0,0.0
2021-11-22,0.0,0.0
2021-11-23,0.00453631426445208,113.85265665440491
2021-11-24,0.0,0.0
2021-11-25,0.0105548264164049,264.90559471389207
2021-11-26,0.0,0.0
2021-11-27,0.0,0.0
2021-11-28,0.003041306954563837,76.33088368502476
2021-11-29,0.0,0.0
2021-11-30,0.007542159854556338,189.2935291283566
2021-12-01,0.0,0.0
2021-12-02,0.0,0.0
2021-12-04,0.013358608385370205,335.27506367857706
2021-12-05,0.01017068781774664,255.2644637359382
2021-12-06,0.0,0.0
2021-12-07,0.0,0.0
2021-12-08,0.006267806267806268,157.3097350368576
2021-12-09,0.0,0.0
2021-12-10,0.0,0.0
2021-12-11,0.0,0.0
2021-12-13,0.0036231884057971015,90.93497529304514
2021-12-14,0.005333333333333333,133.85628363136243
2021-12-15,0.0,0.0
2021-12-16,0.003246753246753247,81.48718565220928
2021-12-17,0.0,0.0
2021-12-18,0.0,0.0
2021-12-19,0.0,0.0
2021-12-20,0.0,0.0
2021-12-21,0.0,0.0
2021-12-22,0.0,0.0
2021-12-23,0.0021929824561403508,55.03959030894837
2021-12-24,0.003236245954692557,81.22347307728303
2021-12-25,0.0,0.0
2021-12-26,0.0,0.0
2021-12-27,0.0,0.0
2021-12-28,0.0,0.0
2021-12-29,0.0,0.0
2021-12-30,0.0,0.0
2021-12-31,0.0,0.0
2022-01-01,0.005571030640668524,139.82202329181314
2022-01-02,0.0,0.0
2022-01-03,0.0018621973929236501,46.73752920089471
2022-01-04,0.005657708628005658,141.99747202761222
2022-01-05,0.012593960875058352,316.08389980014226
2022-01-06,0.00437636761487965,109.83830713733242
2022-01-07,0.0,0.0
2022-01-08,0.0,0.0
2022-01-09,0.0028735632183908046,72.12084247379443
2022-01-10,0.0017574692442882249,44.10905655690765
2022-01-11,0.002572898799313894,64.57475089420358
2022-01-12,0.02962416920254776,743.5089740849447
2022-01-13,0.007457749094623456,187.1749833865226
2022-01-14,0.0,0.0
2022-01-15,0.0,0.0
2022-01-16,0.0,0.0
2022-01-17,0.0,0.0
2022-01-18,0.0,0.0
2022-01-19,0.0,0.0
2022-01-20,0.0,0.0
2022-01-21,0.0,0.0
2022-01-22,0.004914746655074144,123.35057291960521
2022-01-23,0.003587736464448793,90.04520058371985
2022-01-24,0.014804834977469247,371.5725355986823
2022-01-25,0.0,0.0
2022-01-27,0.001603206412825651,40.23735980902678
2022-01-28,0.013451726844583987,337.6121557200462
2022-01-29,0.0,0.0
2022-01-30,0.0,0.0
2022-01-31,0.0,0.0
2022-02-01,0.0,0.0
2022-02-02,0.0,0.0
2022-02-03,0.0,0.0
2022-02-04,0.0006696428571428571,16.806732040768164
2022-02-05,0.0,0.0
2022-02-06,0.0,0.0
2022-02-07,0.005649717514124294,141.79691062644326
2022-02-08,0.0,0.0
2022-02-09,0.0,0.0
2022-02-10,0.0074487895716946,186.95011680357882
2022-02-11,0.00896358543417367,224.96854391825622
2022-02-12,0.0,0.0
2022-02-13,0.0,0.0
2022-02-14,0.0,0.0
2022-02-15,0.0,0.0
2022-02-16,0.0,0.0
2022-02-17,0.0,0.0
2022-02-18,0.0,0.0
2022-02-19,0.0,0.0
2022-02-20,0.0,0.0
2022-02-21,0.0,0.0
2022-02-22,0.003763440860215054,94.45503885277591
2022-02-23,0.0,0.0
2022-02-24,0.007396238177337502,185.63117911327498
2022-02-25,0.0,0.0
2022-02-26,0.0,0.0
2022-03-02,0.0,0.0
2022-03-03,0.0,0.0
2022-03-04,0.027726432532347505,695.8794782129517
2022-03-05,0.0021645021645021645,54.32479043480619
2022-03-06,0.0,0.0
2022-03-07,0.0050735667174023336,127.33664729010887
2022-03-08,0.006383476091621164,160.2128224263869
2022-03-09,0.0,0.0
2022-03-10,0.0010932944606413995,27.439562515539862
2022-03-11,0.0,0.0
2022-03-12,0.004156275976724855,104.31443549825627
2022-03-13,0.00433996383363472,108.92464309966203
2022-03-14,0.005432098765432099,136.33510369860988
2022-03-15,0.0,0.0
2022-03-16,0.0,0.0
2022-03-17,0.008132487667371388,204.10960796854155
2022-03-18,0.0,0.0
2022-03-19,0.0,0.0
2022-03-20,0.0,0.0
2022-03-21,0.0,0.0
2022-03-22,0.001297016861219196,32.552598159378036
2022-03-24,0.005075941876520482,127.39625915996919
2022-03-25,0.0025,62.745132952201146
2022-03-26,0.0,0.0
2022-03-27,0.0019218449711723255,48.2345672918907
2022-03-28,0.0029239766081871343,73.38612041193116
2022-03-29,0.015854811795046015,397.9249096049156
2022-03-31,0.0,0.0
2022-04-01,0.0081352476951803,204.17887929327034
2022-04-02,0.0,0.0
2022-04-03,0.012715326081882266,319.1299302153174
2022-04-04,0.0,0.0
2022-04-05,0.0,0.0
2022-04-06,0.0,0.0
2022-04-07,0.0,0.0
2022-04-08,0.003436426116838488,86.2476054325789
2022-04-10,0.0,0.0
2022-04-11,0.00446927374301676,112.17007008214732
2022-04-12,0.011148272017837234,279.79992397860036
2022-04-14,0.0061643835616438354,154.71402645748228
2022-04-15,0.015459899315888394,388.01337520122433
2022-04-16,0.0,0.0
2022-04-17,0.011320754716981131,284.1289039344957
2022-04-18,0.0,0.0
2022-04-19,0.006181645268663814,155.14726169826247
2022-04-21,0.0,0.0
2022-04-23,0.015414258188824663,386.86787176694344
2022-04-24,0.010566762728146014,265.2051729007542
2022-04-25,0.0,0.0
2022-04-26,0.014748651840729515,370.1624482449198
2022-04-27,0.0,0.0
2022-04-28,0.014328609986504724,359.6202154493904
2022-04-29,0.0,0.0
2022-04-30,0.0,0.0
2022-05-03,0.0,0.0
2022-05-05,0.0049504950495049506,124.24778802416068
2022-05-06,0.005312084993359893,133.32299166470364
2022-05-07,0.002445585717779408,61.37944040322929
2022-05-08,0.0,0.0
2022-05-09,0.003703703703703704,92.95575252177947
2022-05-10,0.002455795677799607,61.63569052279091
2022-05-12,0.0,0.0
2022-05-13,0.0,0.0
2022-05-14,0.009540865678014333,239.4571541784408
2022-05-15,0.0019305019305019305,48.45184011752984
2022-05-16,0.0,0.0
2022-05-17,0.00437636761487965,109.83830713733242
2022-05-18,0.0,0.0
2022-05-19,0.0,0.0
2022-05-20,0.0,0.0
2022-05-23,0.0034059945504087193,85.48383235994706
2022-05-24,0.0019169329073482426,48.111284052805985
2022-05-25,0.007702612190221032,193.32057038186556
2022-05-26,0.0033444816053511705,83.93997719358013
2022-05-27,0.005027932960893855,126.1913288424157
2022-05-28,0.0,0.0
2022-05-29,0.011024643320363165,276.69708435471324
2022-05-30,0.0,0.0
2022-05-31,0.0,0.0
2022-06-02,0.0,0.0
2022-06-03,0.0,0.0
2022-06-04,0.0,0.0
2022-06-05,0.0,0.0
2022-06-06,0.002803738317757009,70.36837340433773
2022-06-07,0.0,0.0
2022-06-08,0.0,0.0
2022-06-09,0.0,0.0
2022-06-10,0.01489844813278776,373.92204354929635
2022-06-12,0.0,0.0
2022-06-13,0.0,0.0
2022-06-14,0.0,0.0
2022-06-16,0.0,0.0
2022-06-17,0.0,0.0
2022-06-18,0.0,0.0
2022-06-19,0.0,0.0
2022-06-20,0.004046198808843324,101.5517128847649
2022-06-21,0.0,0.0
2022-06-22,0.005202913631633715,130.58300302227087
2022-06-23,0.013590675183518927,341.0994885200303
2022-06-24,0.0,0.0
2022-06-25,0.007677067855373948,192.67945730740323
2022-06-26,0.0,0.0
2022-06-27,0.004106776180698152,103.07208698513534
2022-06-28,0.0,0.0
2022-06-30,0.0,0.0
2022-07-01,0.0,0.0
2022-07-02,0.0,0.0
2022-07-03,0.005,125.49026590440229
2022-07-04,0.0,0.0
2022-07-05,0.005622489959839357,141.1135520210146
2022-07-07,0.0,0.0
2022-07-08,0.011213047910295615,281.42567277235986
2022-07-09,0.0,0.0
2022-07-10,0.00757825370675453,190.19941455032964
2022-07-11,0.0,0.0
2022-07-12,0.012761373167134223,320.28562240979556
2022-07-13,0.0,0.0
2022-07-14,0.0,0.0
2022-07-15,0.0,0.0
2022-07-16,0.0,0.0
2022-07-18,0.0,0.0
2022-07-19,0.007802954062598477,195.83895603106382
2022-07-20,0.0,0.0
2022-07-21,0.0,0.0
2022-07-22,0.004944735311227458,124.10322980656423
2022-07-23,0.0,0.0
2022-07-25,0.0,0.0
2022-07-26,0.008923076923076922,223.95185915247174
2022-07-28,0.0,0.0
2022-07-29,0.0,0.0
2022-07-31,0.0,0.0
2022-08-01,0.007246376811594203,181.86995058609028
2022-08-02,0.012455516014234875,312.6092033205751
2022-08-04,0.009408602150537635,236.1375971319398
2022-08-05,0.00686106346483705,172.1993357178762
2022-08-06,0.0,0.0
2022-08-07,0.0,0.0
2022-08-08,0.0,0.0
2022-08-10,0.0035671819262782403,89.52932169160687
2022-08-11,0.0031595576619273306,79.29874622711046
2022-08-12,0.0,0.0
2022-08-13,0.0,0.0
2022-08-15,0.0,0.0
2022-08-16,0.004885496183206107,122.61644302109538
2022-08-18,0.0033500837520938024,84.0805801704538
2022-08-19,0.0,0.0
2022-08-20,0.009157509157509158,229.83565183956466
2022-08-22,0.007964601769911504,199.89599878577354
2022-08-23,0.0,0.0
2022-08-25,0.0017605633802816902,44.18671334662053
2022-08-26,0.0,0.0
2022-08-27,0.0,0.0
2022-08-28,0.0,0.0
2022-08-29,0.007337526205450733,184.1576229205065
2022-08-30,0.0,0.0
2022-08-31,0.0,0.0
2022-09-01,0.0,0.0
2022-09-02,0.0,0.0
2022-09-04,0.0,0.0
2022-09-05,0.0,0.0
2022-09-06,0.0,0.0
2022-09-07,0.0,0.0
2022-09-08,0.0,0.0
2022-09-09,0.0,0.0
2022-09-10,0.0,0.0
2022-09-11,0.0,0.0
2022-09-12,0.004769475357710652,119.7045461727208
2022-09-13,0.0,0.0
2022-09-14,0.0,0.0
2022-09-15,0.005619950825430277,141.04982469058214
2022-09-16,0.0053590568060021436,134.50189271640116
2022-09-17,0.0,0.0
2022-09-18,0.0,0.0
2022-09-19,0.0,0.0
2022-09-20,0.0,0.0
2022-09-21,0.0,0.0
2022-09-22,0.0,0.0
2022-09-23,0.0,0.0
2022-09-26,0.0,0.0
2022-09-27,0.0,0.0
2022-09-28,0.037037037037037035,929.5575252177947
2022-09-29,0.006072874493927126,152.4173270093955
2022-09-30,0.0,0.0
2022-10-01,0.0,0.0
2022-10-02,0.0,0.0
2022-10-03,0.0,0.0
2022-10-04,0.0,0.0
2022-10-06,0.0,0.0
2022-10-07,0.00390625,98.03927023781429
2022-10-08,0.0,0.0
2022-10-09,0.0,0.0
2022-10-10,0.0,0.0
2022-10-11,0.005233644859813084,131.35429702143045
2022-10-13,0.0,0.0
2022-10-14,0.0,0.0
2022-10-16,0.0,0.0
2022-10-17,0.0,0.0
2022-10-18,0.0,0.0
2022-10-19,0.010837701997347494,272.0052210879618
2022-10-21,0.0,0.0
2022-10-23,0.008896797153024912,223.2922880861251
2022-10-24,0.0,0.0
2022-10-25,0.003226664639708118,80.98300072426082
2022-10-26,0.0,0.0
2022-10-27,0.0,0.0
2022-10-28,0.005521048999309869,138.56758139892594
2022-10-29,0.0,0.0
2022-10-30,0.0,0.0
2022-10-31,0.0,0.0
2022-11-03,0.0,0.0
2022-11-04,0.00674218568955411,169.21573499180025
2022-11-08,0.016091954022988506,403.87671785324875
2022-11-09,0.0,0.0
2022-11-19,0.0,0.0
2022-11-20,0.0,0.0
2022-11-28,0.0,0.0
2022-11-29,0.0,0.0
2022-11-30,0.0,0.0
2022-12-01,0.0,0.0
2022-12-04,0.0,0.0
2022-12-05,0.004130434782608695,103.66587183407145
2022-12-06,0.0,0.0
2022-12-07,0.0062271062271062275,156.28824325090395
2022-12-08,0.0,0.0
2022-12-09,0.0,0.0
2022-12-10,0.0,0.0
2022-12-11,0.008333333333333333,209.15044317400378
2022-12-12,0.0,0.0
2022-12-13,0.0,0.0
2022-12-14,0.009925558312655087,249.11219038094748
2022-12-15,0.0,0.0
2022-12-16,0.0,0.0
2022-12-18,0.0,0.0
2022-12-19,0.001749271137026239,43.903300024863775
2022-12-20,0.010634585959062309,266.90740395719047
2022-12-21,0.005612244897959183,140.85642091310459
2022-12-22,0.03511303511303511,881.2688226090781
2022-12-23,0.0,0.0
2022-12-24,0.0,0.0
2022-12-25,0.004340277777777778,108.93252248646033
2022-12-26,0.013477088948787061,338.248695160114
2022-12-27,0.004347826086956522,109.12197035165417
2022-12-29,0.0,0.0
2022-12-30,0.007772020725388601,195.06258948870823
2022-12-31,0.006666666666666667,167.32035453920307
2023-01-01,0.0,0.0
2023-01-02,0.0,0.0
2023-01-04,0.009096816114359974,228.31237461489695
2023-01-08,0.0,0.0
2023-01-09,0.016544117647058824,415.2251445366252
2023-01-10,0.0024549918166939444,61.61551517401095
2023-01-11,0.013479187151753523,338.30135596975055
2023-01-12,0.0,0.0
2023-01-15,0.0,0.0
2023-01-16,0.0,0.0
2023-01-17,0.0,0.0
2023-01-18,0.0,0.0
2023-01-19,0.01890359168241966,474.4433493550181
2023-01-20,0.0,0.0
2023-01-21,0.0,0.0
2023-01-22,0.005936675461741424,148.99899645641432
2023-01-23,0.0,0.0
2023-01-24,0.0,0.0
2023-01-25,0.0,0.0
2023-01-26,0.0,0.0
2023-01-27,0.01641750436750007,412.0473977128539
2023-01-28,0.0,0.0
2023-01-29,0.0,0.0
2023-01-30,0.0,0.0
2023-01-31,0.001973684210526316,49.535631278053536
2023-02-01,0.0,0.0
2023-02-02,0.0,0.0
2023-02-03,0.0,0.0
2023-02-04,0.0,0.0
2023-02-05,0.0,0.0
2023-02-06,0.010174591381872215,255.3624355959568
2023-02-08,0.0,0.0
2023-02-09,0.0036036036036036037,90.44343488605571
2023-02-10,0.0,0.0
2023-02-11,0.005611340332529924,140.83371808185547
2023-02-12,0.007272727272727273,182.53129586094877
2023-02-13,0.0,0.0
2023-02-14,0.0,0.0
2023-02-15,0.0,0.0
2023-02-16,0.01316526750782962,330.42258405202534
2023-02-17,0.0,0.0
2023-02-21,0.0,0.0
2023-02-22,0.0,0.0
2023-02-23,0.005804311774461028,145.6769255938335
2023-02-24,0.008064516129032258,202.4036546845198
2023-02-25,0.010526315789473684,264.19003348295223
2023-02-26,0.00615887380593263,154.5757423156288
2023-02-27,0.010326311441553078,259.1703137224335
2023-02-28,0.0,0.0
2023-03-01,0.0,0.0
2023-03-02,0.0,0.0
2023-03-03,0.0,0.0
2023-03-04,0.0,0.0
2023-03-05,0.012690355329949238,318.50321295533575
2023-03-06,0.011996299920904107,301.0837733886433
2023-03-07,0.0,0.0
2023-03-08,0.028365573947024537,711.9206834286191
2023-03-09,0.00646900269541779,162.35937367685472
2023-03-10,0.001680672268907563,42.18160198467304
2023-03-11,0.0,0.0
2023-03-12,0.014119601328903655,354.37450504565436
2023-03-13,0.0,0.0
2023-03-14,0.0,0.0
2023-03-15,0.004656348410404218,116.86528003303324
2023-03-16,0.011904761904761904,298.786347391434
2023-03-17,0.0,0.0
2023-03-18,0.01730769230769231,434.38938197677714
2023-03-19,0.0054533060668029995,136.86736567623973
2023-03-20,0.0,0.0
2023-03-21,0.007549361207897794,189.47426907749477
2023-03-22,0.0031073446327683617,77.9883008445438
2023-03-24,0.0,0.0
2023-03-25,0.0,0.0
2023-03-26,0.0,0.0
2023-03-28,0.0,0.0
2023-03-29,0.006344827586206897,159.24282018213808
2023-03-30,0.0,0.0
2023-03-31,0.0037532637075718017,94.19961213450564
2023-04-01,0.00905667445459833,227.30489710343042
2023-04-02,0.017948717948717947,450.4778776055467
2023-04-03,0.0,0.0
2023-04-04,0.008541392904073587,214.37233334523387
2023-04-05,0.0,0.0
2023-04-06,0.0,0.0
2023-04-07,0.0,0.0
2023-04-08,0.0,0.0
2023-04-09,0.0,0.0
2023-04-11,0.013667351208073159,343.0239074619909
2023-04-13,0.008492569002123142,213.1469484575835
2023-04-14,0.0,0.0
2023-04-15,0.0,0.0
2023-04-16,0.007633587786259542,191.5881922204615
2023-04-17,0.0,0.0
2023-04-18,0.0024154589371980675,60.62331686203009
2023-04-20,0.015403573629081948,386.5997101183065
2023-04-21,0.0,0.0
2023-04-22,0.0,0.0
2023-04-23,0.0,0.0
2023-04-24,0.0,0.0
2023-04-25,0.0,0.0
2023-04-26,0.0,0.0
2023-04-27,0.0,0.0
2023-04-28,0.0038610038610038607,96.90368023505968
2023-04-29,0.0,0.0
2023-04-30,0.0034770514603616135,87.26722246481383
2023-05-01,0.0,0.0
2023-05-02,0.0,0.0
2023-05-03,0.0,0.0
2023-05-04,0.0,0.0
2023-05-05,0.0,0.0
2023-05-06,0.0,0.0
2023-05-07,0.009479311583854653,237.91226624972026
2023-05-08,0.01606425702811245,403.1815772028989
2023-05-09,0.006093845216331505,152.9436513155421
2023-05-10,0.004487658937920718,112.6315026815877
2023-05-11,0.0,0.0
2023-05-12,0.0,0.0
2023-05-13,0.0,0.0
2023-05-14,0.006989247311827957,175.41650072658385
2023-05-15,0.0,0.0
2023-05-16,0.00967741935483871,242.88438562142377
2023-05-17,0.0,0.0
2023-05-18,0.008293838862559242,208.15920884616497
2023-05-19,0.0,0.0
2023-05-20,0.0,0.0
2023-05-21,0.0,0.0
2023-05-22,0.0,0.0
2023-05-23,0.0,0.0
2023-05-24,0.008771487232828648,220.1472530449474
2023-05-25,0.0,0.0
2023-05-26,0.0,0.0
2023-05-27,0.0,0.0
2023-05-28,0.0038503850385038503,96.6371684632361
2023-05-29,0.005172413793103448,129.81751645282995
2023-05-30,0.0,0.0
2023-05-31,0.0,0.0
2023-06-01,0.0018601190476190475,46.68536677991156
2023-06-02,0.0,0.0
2023-06-03,0.0,0.0
2023-06-04,0.0,0.0
2023-06-05,0.0,0.0
2023-06-06,0.011284231556378522,283.21224370735763
2023-06-07,0.008948545861297539,224.59107991839335
2023-06-08,0.01079136690647482,270.84230051309845
2023-06-09,0.007532956685499058,189.06254750192434
2023-06-10,0.008547008547008548,214.51327505026035
2023-06-11,0.0,0.0
2023-06-12,0.008575197889182058,215.22077265926512
2023-06-13,0.0,0.0
2023-06-14,0.0,0.0
2023-06-15,0.0,0.0
2023-06-16,0.0,0.0
2023-06-17,0.0,0.0
2023-06-18,0.00294811320754717,73.99190206627495
2023-06-20,0.0,0.0
2023-06-21,0.004679144385026738,117.43741461641926
2023-06-22,0.0,0.0
2023-06-23,0.0,0.0
2023-06-24,0.0,0.0
2023-06-25,0.0,0.0
2023-06-27,0.0,0.0
2023-06-29,0.0,0.0
2023-06-30,0.016260162601626018,408.09842570537336
2023-07-01,0.032036613272311214,804.0566236437675
2023-07-02,0.0,0.0
2023-07-03,0.0,0.0
2023-07-04,0.0,0.0
2023-07-06,0.0,0.0
2023-07-07,0.0,0.0
2023-07-08,0.0,0.0
2023-07-09,0.0,0.0
2023-07-10,0.0,0.0
2023-07-11,0.0,0.0
2023-07-13,0.0,0.0
2023-07-14,0.0,0.0
2023-07-16,0.0,0.0
2023-07-17,0.00186219739292365,46.737529200894706
2023-07-18,0.0,0.0
2023-07-19,0.0,0.0
2023-07-20,0.0,0.0
2023-07-21,0.0,0.0
2023-07-22,0.0,0.0
2023-07-23,0.0,0.0
2023-07-24,0.010471204188481676,262.80683959037134
2023-07-25,0.01647579201968515,413.5103043071838
2023-07-26,0.0,0.0
2023-07-27,0.0,0.0
2023-07-28,0.0037202380952380955,93.37073355982314
2023-07-29,0.0,0.0
2023-07-30,0.0,0.0
2023-07-31,0.0,0.0
2023-08-01,0.005703422053231939,143.14479000502163
2023-08-03,0.0,0.0
2023-08-04,0.0,0.0
2023-08-05,0.0,0.0
2023-08-06,0.0,0.0
2023-08-07,0.0,0.0
2023-08-08,0.0027602577284537738,69.2770952616691
2023-08-09,0.0,0.0
2023-08-10,0.0038138825324180014,95.72102662425804
2023-08-11,0.0,0.0
2023-08-12,0.0,0.0
2023-08-13,0.0,0.0
2023-08-14,0.0,0.0
2023-08-15,0.0,0.0
2023-08-16,0.0,0.0
2023-08-17,0.008160237388724036,204.80607195080495
2023-08-18,0.0,0.0
2023-08-19,0.014029843371708088,352.1217550625528
2023-08-20,0.0,0.0
2023-08-21,0.00929368029739777,233.25328235019015
2023-08-22,0.0070028011204481795,175.75667493613767
2023-08-23,0.019943019943019943,500.5309751172741
2023-08-24,0.007692307692307693,193.06194754523432
2023-08-25,0.0,0.0
2023-08-26,0.010892664673703048,273.38467726209694
2023-08-27,0.0,0.0
2023-08-28,0.0,0.0
2023-08-29,0.0026896180742334587,67.50417746336863
2023-08-30,0.0,0.0
2023-08-31,0.002969561989606533,74.53022473906594
2023-09-01,0.0,0.0
2023-09-02,0.0,0.0
2023-09-03,0.0,0.0
2023-09-04,0.0,0.0
2023-09-05,0.0,0.0
2023-09-06,0.0,0.0
2023-09-07,0.0,0.0
2023-09-08,0.0,0.0
2023-09-09,0.0,0.0
2023-09-11,0.0,0.0
2023-09-12,0.0,0.0
2023-09-13,0.0,0.0
2023-09-14,0.0,0.0
2023-09-15,0.00738255033557047,185.28764093267452
2023-09-16,0.004363636363636364,109.51877751656929
2023-09-17,0.0,0.0
2023-09-18,0.0,0.0
2023-09-19,0.0,0.0
2023-09-20,0.0,0.0
2023-09-21,0.0,0.0
2023-09-22,0.0,0.0
2023-09-23,0.0,0.0
2023-09-24,0.0,0.0
2023-09-25,0.0052238805970149255,131.10923303445017
2023-09-26,0.0,0.0
2023-09-27,0.0,0.0
2023-09-28,0.0,0.0
2023-09-29,0.0,0.0
2023-10-01,0.0,0.0
2023-10-02,0.0,0.0
2023-10-03,0.0,0.0
2023-10-04,0.0,0.0
2023-10-05,0.0,0.0
2023-10-06,0.0,0.0
2023-10-07,0.0,0.0
2023-10-08,0.0,0.0
2023-10-09,0.0,0.0
2023-10-10,0.011379800853485065,285.610847008597
2023-10-11,0.011811023622047244,296.4336989867771
2023-10-12,0.007380073800738007,185.22548472974506
2023-10-13,0.00972927241962775,244.18579659909074
2023-10-14,0.015190716652094522,381.25741438995465
2023-10-15,0.003684310480479666,92.4690203739539
2023-10-16,0.0,0.0
2023-10-17,0.0,0.0
2023-10-18,0.002586206896551724,64.90875822641497
2023-10-20,0.0,0.0
2023-10-21,0.0,0.0
2023-10-22,0.0,0.0
2023-10-24,0.0,0.0
2023-10-25,0.0,0.0
2023-10-26,0.0,0.0
2023-10-28,0.0,0.0
2023-10-29,0.0,0.0
2023-10-30,0.0,0.0
2023-10-31,0.0,0.0
2023-11-01,0.002887788778877888,72.47787634742707
2023-11-02,0.0,0.0
2023-11-03,0.004601226993865031,115.48183978932727
2023-11-04,0.0,0.0
2023-11-05,0.00929371202293985,233.25407859953248
2023-11-06,0.0,0.0
2023-11-07,0.0,0.0
2023-11-08,0.0,0.0
2023-11-09,0.0,0.0
2023-11-11,0.0,0.0
2023-11-12,0.0,0.0
2023-11-14,0.0,0.0
2023-11-15,0.0,0.0
2023-11-16,0.023809523809523808,597.572694782868
2023-11-17,0.006218905472636816,156.08242027910734
2023-11-18,0.0,0.0
2023-11-19,0.0,0.0
2023-11-20,0.0,0.0
2023-11-21,0.0,0.0
2023-11-22,0.013089005235602094,328.5085494879641
2023-11-24,0.009569377990430622,240.17275771177472
2023-11-25,0.006136680613668061,154.01873639591912
2023-11-26,0.028716123983036964,720.7188068750185
2023-11-27,0.012242829634133982,307.2711892419539
2023-11-28,0.0,0.0
2023-11-29,0.004020282506338283,100.90126414624162
2023-11-30,0.02240348783653645,562.2839291586004
2023-12-01,0.006470588235294118,162.3991676409912
2023-12-02,0.007051177314234882,176.9708232204849
2023-12-03,0.007668711656441718,192.4697329822121
2023-12-05,0.0,0.0
2023-12-06,0.001890359168241966,47.444334935501814
2023-12-07,0.0,0.0
2023-12-08,0.0,0.0
2023-12-09,0.0,0.0
2023-12-10,0.0,0.0
2023-12-11,0.0,0.0
2023-12-12,0.007172131147540984,180.0065289612328
2023-12-13,0.006035382066396422,151.4763400693496
2023-12-14,0.011552346570397113,289.9414085877887
2023-12-15,0.006616257088846881,166.05517227425634
2023-12-16,0.0,0.0
2023-12-17,0.00234375,58.823562142688566
2023-12-18,0.004419191919191919,110.91311380439596
2023-12-19,0.0215633423180593,541.1979122561825
2023-12-20,0.0,0.0
2023-12-21,0.034482758620689655,865.4501096855331
2023-12-22,0.0,0.0
2023-12-23,0.0,0.0
2023-12-24,0.0,0.0
2023-12-27,0.009834590156941313,246.82906677107658
2023-12-28,0.008385744234800839,210.46585476629315
2023-12-29,0.0,0.0
2023-12-30,0.0,0.0
2023-12-31,0.0,0.0
2024-01-02,0.02853264511852453,716.1138445759178
2024-01-04,0.01384083044982699,347.3778986973074
2024-01-05,0.0071174377224199285,178.63383046890004
2024-01-06,0.009951950073830668,249.77457220646932
2024-01-07,0.01363033017299702,342.09475155483875
2024-01-08,0.009105960264900662,228.54187499146113
2024-01-09,0.0,0.0
2024-01-10,0.0,0.0
2024-01-11,0.011570247933884297,290.39069796060033
2024-01-12,0.0,0.0
2024-01-13,0.0,0.0
2024-01-14,0.004777070063694267,119.89515850739072
2024-01-16,0.0,0.0
2024-01-17,0.0015503875968992248,38.9117103579542
2024-01-18,0.0,0.0
2024-01-19,0.0,0.0
2024-01-20,0.0,0.0
2024-01-21,0.0,0.0
2024-01-23,0.0036496350364963507,91.59873423679001
2024-01-24,0.006130268199233717,153.8577972774281
2024-01-25,0.0038095238095238095,95.6116311652589
2024-01-26,0.018973214285714284,476.190741155098
2024-01-27,0.0,0.0
2024-01-28,0.007293946024799416,183.06384522888735
2024-01-29,0.0019181585677749361,48.14204574337684
2024-01-30,0.010362694300518135,260.08345265161097
2024-01-31,0.041343669250646,1037.6456095454455
2024-02-01,0.0,0.0
2024-02-02,0.01764705882352941,442.90682083906694
2024-02-03,0.0,0.0
2024-02-04,0.006432748538011696,161.44946490624855
2024-02-05,0.0,0.0
2024-02-06,0.0,0.0
2024-02-07,0.019704433497536946,494.5429198203046
2024-02-08,0.008359636386591755,209.81059860350322
2024-02-09,0.0,0.0
2024-02-10,0.0013531799729364006,33.962182924060166
2024-02-11,0.00882919316571113,221.59555961728424
2024-02-12,0.0,0.0
2024-02-14,0.015873015873015872,398.381796521912
2024-02-15,0.0,0.0
2024-02-16,0.023697842569925694,594.7697130921279
2024-02-17,0.021519876322373233,540.1070003848936
2024-02-18,0.011160834510699269,280.11521809253617
2024-02-19,0.01131572385238485,284.00263902731245
2024-02-20,0.012551203277009726,315.01076733043124
2024-02-21,0.0,0.0
2024-02-22,0.003602882305844676,90.42533171654289
2024-02-23,0.013603321369913013,341.41688317868443
2024-02-24,0.0,0.0
2024-02-25,0.0,0.0
2024-02-26,0.011784511784511785,295.76830347838927
2024-02-27,0.018549161068272826,465.54783095222876
2024-02-28,0.0,0.0
2024-02-29,0.0,0.0
2024-03-01,0.011637572734829592,292.08041939511753
2024-03-02,0.0,0.0
2024-03-03,0.0,0.0
2024-03-04,0.0,0.0
2024-03-05,0.0034696406443618343,87.08122541073766
2024-03-06,0.0,0.0
2024-03-07,0.0,0.0
2024-03-08,0.0,0.0
2024-03-09,0.01827956989247312,458.78161728491165
2024-03-10,0.0,0.0
2024-03-11,0.0,0.0
2024-03-12,0.007949125596184421,199.50757695453467
2024-03-13,0.0,0.0
2024-03-14,0.0081374321880651,204.23370581186632
2024-03-15,0.0,0.0
2024-03-16,0.0,0.0
2024-03-17,0.010147510147510147,254.68274933573377
2024-03-18,0.0,0.0
2024-03-19,0.0049800796812749,124.99030468565965
2024-03-20,0.009507197739115075,238.6121544574566
2024-03-21,0.018103280916326927,454.3571071863915
2024-03-22,0.015873015873015872,398.381796521912
2024-03-23,0.0,0.0
2024-03-24,0.0,0.0
2024-03-25,0.0,0.0
2024-03-26,0.0,0.0
2024-03-27,0.0,0.0
2024-03-28,0.0,0.0
2024-03-29,0.0,0.0
2024-03-31,0.0,0.0
2024-04-01,0.0,0.0
2024-04-02,0.0050578034682080926,126.94102042352833
2024-04-03,0.0,0.0
2024-04-04,0.0006015037593984962,15.096573341882982
2024-04-05,0.0,0.0
2024-04-06,0.0,0.0
2024-04-07,0.0,0.0
2024-04-08,0.0,0.0
2024-04-09,0.0,0.0
2024-04-10,0.003834355828220859,96.23486649110605
2024-04-11,0.0011590171534538712,29.089074154937943
2024-04-12,0.004733218588640275,118.79457185442557
2024-04-13,0.0,0.0
2024-04-15,0.003509019114815337,88.0695483563614
2024-04-16,0.004137630662020906,103.84647439824231
2024-04-17,0.006779661016949152,170.1562927517319
2024-04-18,0.001683937823834197,42.26356105588678
2024-04-19,0.0,0.0
2024-04-20,0.0,0.0
2024-04-21,0.003098106712564544,77.75644703198765
2024-04-22,0.0,0.0
2024-04-23,0.0032670171002728058,81.99576892549274
2024-04-24,0.0018867924528301887,47.35481732241596
2024-04-25,0.0,0.0
2024-04-26,0.0,0.0
2024-04-28,0.0,0.0
2024-04-29,0.005750798722044728,144.33385215841795
2024-04-30,0.004951226721844517,124.2661515754501
2024-05-01,0.006901311249137336,173.2094767486574
2024-05-02,0.019544368532015296,490.5256008032464
2024-05-03,0.006068481848184818,152.30708015295028
2024-05-04,0.012439807383627608,312.2149472741951
2024-05-05,0.0,0.0
2024-05-06,0.002863961813842482,71.87986591182948
2024-05-07,0.0017857142857142857,44.817952108715104
2024-05-08,0.0,0.0
2024-05-09,0.0,0.0
2024-05-10,0.0031117397454031117,78.09860961518672
2024-05-11,0.0,0.0
2024-05-12,0.0061162079510703364,153.5049124212872
2024-05-13,0.0014658457930225742,36.78987566825045
2024-05-14,0.005202312138728324,130.5679067213434
2024-05-15,0.0026845637583892616,67.37732397551801
2024-05-16,0.0,0.0
2024-05-17,0.00938089923463565,235.44230787536634
2024-05-18,0.00563063063063063,141.31786700946202
2024-05-20,0.007294598176744333,183.0802129730829
2024-05-21,0.0,0.0
2024-05-22,0.005760814079014536,144.5852181202717
2024-05-23,0.007526283240568955,188.89505702616896
2024-05-24,0.012195121951219511,306.0738192790299
2024-05-25,0.008378623188405796,210.28713036516686
2024-05-26,0.0020026702269692926,50.263123860241244
2024-05-27,0.008463580356965986,212.41938989978752
2024-05-28,0.0028232918017864254,70.85912778637952
2024-05-29,0.008200771209939742,205.823391951301
2024-05-30,0.01947829260354041,488.86722363640774
2024-05-31,0.0022181891510385156,55.67222927801674
2024-06-01,0.0093019444473815,233.46069642597658
2024-06-02,0.006254278421503582,156.97021243093
2024-06-03,0.017157545431780483,430.6209877001991
2024-06-04,0.007292451001860741,183.02632306366587
2024-06-05,0.0035738517499387477,89.69672128054538
2024-06-06,0.0,0.0
2024-06-07,0.007608695652173913,190.9634481153948
2024-06-08,0.0019083969465648854,47.89704805511538
2024-06-09,0.0,0.0
2024-06-10,0.0,0.0
2024-06-11,0.011369045074206297,285.3408978882567
2024-06-12,0.014105412588516438,354.0183952848463
2024-06-13,0.0,0.0
2024-06-14,0.005462746187320609,137.1042943230246
2024-06-15,0.0,0.0
2024-06-16,0.008412569278486805,211.13911113930297
2024-06-17,0.003996003996003996,100.29192080271912
2024-06-18,0.0012626262626262627,31.689461086970276
2024-06-19,0.0011352885525070956,28.49353246646788
2024-06-20,0.0018419975440032747,46.230552318445376
2024-06-21,0.005867361364620795,147.25934756069606
2024-06-22,0.005402083510487208,135.58177923376536
2024-06-23,0.01034228095085281,259.57111731611076
2024-06-24,0.016951244220259853,425.4432289221743
2024-06-25,0.006377551020408163,160.06411467398252
2024-06-26,0.0,0.0
2024-06-27,0.008298755186721992,208.28259901145606
2024-06-28,0.01854974704890388,465.5625379252699
2024-06-29,0.0,0.0
2024-06-30,0.011904761904761904,298.786347391434
2024-07-01,0.0,0.0
2024-07-02,0.006602710068247914,165.71516843082097
2024-07-03,0.0,0.0
2024-07-04,0.011420316687379,286.62771556233474
2024-07-05,0.0030602636534839923,76.80665992265676
2024-07-06,0.0,0.0
2024-07-07,0.004394224733207784,110.2864860427892
2024-07-08,0.0,0.0
2024-07-28,0.0,0.0
2024-07-29,0.0,0.0
2024-07-30,0.008175093418744757,205.17892938232177
2024-07-31,0.01594896331738437,400.2879295196245
2024-08-02,0.01020408163265306,256.102583478372
2024-08-03,0.012846242204431773,322.4156700212996
2024-08-05,0.02100840336134454,527.270024808413
2024-08-06,0.022341558592915468,560.7296257087492
2024-08-07,0.013684096695864179,343.44418660510973
2024-08-08,0.0,0.0
2024-08-09,0.018818293240267563,472.3025245176386
2024-08-10,0.007021282376499672,176.2205184833675
2024-08-11,0.01993840556144538,500.4151631231189
2024-08-12,0.012396694214876033,311.13289067207177
2024-08-13,0.01230655288076541,308.8705186747679
2024-08-14,0.01771457399618581,444.60132023291345
2024-08-15,0.02633483286046065,660.9530356414396
2024-08-16,0.008708853981978766,218.57528038422564
2024-08-17,0.008998119795863551,225.8352891645166
2024-08-18,0.0218808503493844,549.1667457117364
2024-08-19,0.009958542652294785,249.94003309136085
2024-08-20,0.012710158058995268,319.00022290205953
2024-08-21,0.012371029606832245,310.48875897452234
2024-08-22,0.009310344827586206,233.67152961509393
2024-08-23,0.0,0.0
2024-08-24,0.0,0.0
2024-08-25,0.0,0.0
2024-08-26,0.0,0.0
2024-08-27,0.016184300902869323,406.19444475558583
2024-08-28,0.0,0.0
2024-08-29,0.0,0.0
2024-08-30,0.015384615384615385,386.12389509046864
2024-08-31,0.0,0.0
2024-09-01,0.0,0.0
2024-09-02,0.00529500756429652,132.89438144187838
2024-09-03,0.004158004158004158,104.35780948391044
2024-09-04,0.0,0.0
2024-09-05,0.0,0.0
2024-09-06,0.014072847682119206,353.2010795322581
2024-09-07,0.0,0.0
2024-09-08,0.0,0.0
2024-09-09,0.011494252873563218,288.4833698951777
2024-09-10,0.0361794500723589,908.0337619710729
2024-09-11,0.0,0.0
2024-09-12,0.0,0.0
2024-09-13,0.016178736517719568,406.05478952117846
2024-09-14,0.014553014553014554,365.2523331936865
2024-09-15,0.0013513513513513514,33.91628808227089
2024-09-16,0.011428571428571429,286.83489349577667
2024-09-17,0.0,0.0
2024-09-18,0.01339580967592997,336.20874364744344
2024-09-19,0.010657193605683837,267.4748118743921
2024-09-20,0.010292953285827395,258.3330889560142
2024-09-21,0.0,0.0
2024-09-22,0.0,0.0
2024-09-23,0.0,0.0
2024-09-24,0.0,0.0
2024-09-25,0.0,0.0
2024-09-26,0.0,0.0
2024-09-27,0.0,0.0
2024-09-28,0.0,0.0
2024-09-29,0.0027777777777777775,69.71681439133461
2024-09-30,0.02157524613220816,541.4966748167458
2024-10-01,0.0,0.0
2024-10-02,0.008912655971479501,223.69031355508434
2024-10-03,0.0,0.0
2024-10-04,0.0,0.0
2024-10-05,0.0024154589371980675,60.62331686203009
2024-10-06,0.010149341012782531,254.7287004897071
2024-10-07,0.0,0.0
2024-10-08,0.0,0.0
2024-10-09,0.0020120724346076456,50.499100967566314
2024-10-10,0.0,0.0
2024-10-11,0.01053921568627451,264.5137957788872
2024-10-12,0.0,0.0
2024-10-13,0.0,0.0
2024-10-14,0.012734082397003745,319.6006772097137
2024-10-15,0.0033962264150943396,85.23867118034872
2024-10-16,0.04481434058898848,1124.7527033685226
2024-10-17,0.01235203768175302,310.0120986288767
2024-10-18,0.022614531660344325,567.5807182720267
2024-10-20,0.00819672131147541,205.72174738426608
2024-10-21,0.006274497691437127,157.47767674300067
2024-10-22,0.0,0.0
2024-10-23,0.0,0.0
2024-10-24,0.0,0.0
2024-10-25,0.0,0.0
2024-10-26,0.04212454212454213,1057.2439984619973
2024-10-27,0.007866273352999017,197.42814694891217
2024-10-28,0.01128933906106088,283.340432131497
2024-10-29,0.0,0.0
2024-10-30,0.008928571428571428,224.08976054357552
2024-10-31,0.003940886699507389,98.90858396406091
2024-11-01,0.009552159779342954,239.7406141342168
2024-11-02,0.0,0.0
2024-11-03,0.009005145797598629,226.01162812971256
2024-11-04,0.0,0.0
2024-11-05,0.0,0.0
2024-11-06,0.0,0.0
2024-11-07,0.008955223880597014,224.75868520191452
2024-11-08,0.013134314111512807,329.6457140651371
2024-11-09,0.0,0.0
2024-11-10,0.0,0.0
2024-11-11,0.018233154667643962,457.6166855037469
2024-11-12,0.01100876448968052,276.29855661779004
2024-11-13,0.004357298474945534,109.35970884915234
2024-11-14,0.008306803374384438,208.4845928534179
2024-11-16,0.0,0.0
2024-11-17,0.008791015360611878,220.63737103457393
2024-11-18,0.014251781472684084,357.691969323712
2024-11-19,0.004707939369691936,118.16011267288904
2024-11-20,0.006657156443176414,167.08166644428263
2024-11-21,0.0,0.0
2024-11-22,0.0,0.0
2024-11-23,0.012987012987012988,325.9487426088371
2024-11-24,0.009154929577464789,229.77090940242672
2024-11-25,0.010548523206751056,264.7473964227897
2024-11-26,0.009009009009009009,226.10858721513924
2024-11-27,0.01053484602917342,264.4041258925818
2024-11-28,0.015179113539769277,380.96619885975196
2024-11-29,0.0,0.0
2024-11-30,0.0,0.0
2024-12-01,0.0,0.0
2024-12-02,0.0,0.0
2024-12-03,0.007426267769997878,186.38486342686525
2024-12-04,0.007205557621139856,180.8454683732666
2024-12-05,0.012915129151291513,324.1445982770539
2024-12-06,0.0038461538461538464,96.53097377261716
2024-12-08,0.008238276299112801,206.76469667392016
2024-12-09,0.022392943499484567,562.019286826515
2024-12-10,0.002844950213371266,71.40271175214924
2024-12-11,0.008186348909466281,205.46142028702747
2024-12-12,0.027192077573756964,682.4682090447792
2024-12-14,0.0,0.0
2024-12-15,0.0037950664136622387,95.24877867506815
2024-12-16,0.003393665158371041,85.1743886228975
2024-12-17,0.0006798674258519589,17.063348809980766
2024-12-18,0.0025811209439528023,64.7811107176118
2024-12-19,0.005953935755944962,149.43219623825235
2024-12-20,0.004025310251435039,101.0274507600599
2024-12-21,0.0,0.0
2024-12-22,0.0,0.0
2024-12-23,0.0011682242990654205,29.32015558514072
2024-12-24,0.002986343540665322,74.9514089999971
2024-12-25,0.0,0.0
2024-12-26,0.0,0.0
2024-12-27,0.002065498359328419,51.83998766744599
2024-12-28,0.014011753555931136,351.66773590415056
2024-12-29,0.01407953526941442,353.3689249538452
2024-12-30,0.006148026963035935,154.30350767576286
2024-12-31,0.000983739366934784,24.68994294745488
2025-01-01,0.002921535893155259,73.32486321626178
2025-01-02,0.003488402346849835,87.55210761754536
2025-01-03,0.011741815090691733,294.6966995862458
2025-01-04,0.024260166496450113,608.8829489049193
2025-01-05,0.017719253444004313,444.7187652631195
2025-01-06,0.00558226450532158,140.10397142430236
2025-01-07,0.0,0.0
2025-01-08,0.0079454639422935,199.41567657045036
2025-01-09,0.0017967145790554414,45.09403805599671
2025-01-10,0.004888888888888889,122.7015933287489
2025-01-11,0.003991130820399113,100.169613582228
2025-01-12,0.008896257110655762,223.27873407402424
2025-01-13,0.004602441757137889,115.51232798255164
2025-01-14,0.0016129032258064516,40.48073093690397
2025-01-15,0.0,0.0
2025-01-16,0.007748750855722167,194.47856106230793
2025-01-17,0.0019331142470520007,48.5174041772288
2025-01-18,0.0,0.0
2025-01-19,0.0049130763416477706,123.30865130440137
2025-01-20,0.003164556962025317,79.4242189268369
2025-01-21,0.009869853690377387,247.7141128086009
2025-01-22,0.014671511716195185,368.2263812969775
2025-01-23,0.01394796427727099,350.06674919596816
2025-01-24,0.01733149120383163,434.9866879377281
2025-01-25,0.033448553435295236,839.4935729425615
2025-01-26,0.011595124510610452,291.0150516062316
2025-01-27,0.015213687694704051,381.8339428389889
2025-01-28,0.006573432435453224,164.98035684592958
2025-01-29,0.0,0.0
2025-01-30,0.00669811320754717,168.10960149457665
2025-01-31,0.0013257575757575758,33.27393414131879
2025-02-01,0.0,0.0
2025-02-02,0.01573599171663175,394.94275695791805
2025-02-03,0.0017543859649122807,44.031672247158696
2025-02-04,0.0013477088948787063,33.824869516011404
2025-02-05,0.00495928226363009,124.46832999158521
2025-02-06,0.010020318290993788,251.49048135671129
2025-02-07,0.008491923585558472,213.1307497583196
2025-02-08,0.01648458503470644,413.7309918658083
2025-02-09,0.012245261282647328,307.3322188856591
2025-02-10,0.00556917796621208,139.77552476977846
2025-02-11,0.0,0.0
2025-02-12,0.004305283757338552,108.05424070046381
2025-02-13,0.0,0.0
2025-02-14,0.004134354381323398,103.76424613106077
2025-02-15,0.0,0.0
2025-02-16,0.005235602094240838,131.40341979518567
2025-02-17,0.0,0.0
2025-02-18,0.0,0.0
2025-02-19,0.0,0.0
2025-02-20,0.01045897570816426,262.49992854104346
2025-02-21,0.003715316366887491,93.24720775993782
2025-02-22,0.004794520547945206,120.33313168915289
2025-02-23,0.012878871162047154,323.23459333476717
2025-02-24,0.0,0.0
2025-02-25,0.00045045045045045046,11.305429360756964
2025-02-26,0.005609125610416433,140.7781328684702
2025-02-27,0.008977019353076812,225.30570912931492
2025-02-28,0.0,0.0
2025-03-01,0.016028407558744115,402.2818253141861
2025-03-02,0.008045977011494253,201.93835892662437
2025-03-03,0.010521042084168337,264.0576737467383
2025-03-04,0.030306900764058776,760.6442071240137
2025-03-05,0.030581734114407618,767.5419891669486
2025-03-06,0.02027359266376641,508.8277068427173
2025-03-07,0.01586306994878768,398.13217318669984
2025-03-08,0.0030165912518853697,75.71056766479776
2025-03-09,0.01953847592635872,490.37770787310365
2025-03-10,0.009369433913450152,235.15455063451682
2025-03-11,0.02201193504432807,552.4567163566321
2025-03-12,0.0184637445777649,463.4040433309367
2025-03-13,0.02768381910817051,694.8099642267381
2025-03-14,0.014400185088194127,361.41661115801793
2025-03-15,0.00569620253164557,142.9635940683064
2025-03-16,0.010281535050518579,258.0465134790017
2025-03-17,0.01968191155107043,493.97766281015106
2025-03-18,0.013814771602359803,346.7238723577435
2025-03-19,0.007692307692307693,193.06194754523432
2025-03-20,0.01729554455686908,434.0844970805877
2025-03-21,0.009670313130691185,242.70603322985397
2025-03-22,0.014985913658249653,376.1172579588326
2025-03-23,0.01860765166017671,467.01583093841367
2025-03-24,0.0151939077664885,381.33750514872105
2025-03-25,0.0074900566345524585,187.9858397418041
2025-03-26,0.0,0.0
2025-03-27,0.0,0.0
2025-03-28,0.0011074197120708748,27.79407882711014
2025-03-29,0.005345394736842105,134.15900137806167
2025-03-30,0.009063394654922879,227.4735610485621
2025-03-31,0.006901311249137336,173.2094767486574
2025-04-01,0.0,0.0
2025-04-02,0.0056056618427842925,140.69119904423252
2025-04-03,0.007197559403060181,180.64472867055062
2025-04-04,0.006741128620323252,169.18920461202828
2025-04-05,0.006702412868632708,168.21751461716127
2025-04-06,0.0,0.0
2025-04-07,0.00784538114311145,196.9037931540879
2025-04-08,0.0,0.0
