timestamp,EPU_index,EPU_index_norm
2019-04-03,0.0,0.0
2019-04-04,0.0,0.0
2019-04-10,0.0,0.0
2019-04-18,0.0,0.0
2019-04-26,0.004581901489117984,84.70198421240006
2019-04-28,0.0,0.0
2019-04-29,0.0,0.0
2019-04-30,0.05263157894736842,972.9583186503321
2019-05-03,0.0,0.0
2019-05-13,0.0,0.0
2019-05-15,0.0,0.0
2019-05-18,0.008692480359147025,160.69100042759777
2019-05-19,0.015530629853321829,287.1024546837046
2019-05-21,0.0,0.0
2019-05-24,0.0,0.0
2019-06-02,0.021109770808202654,390.23961514021164
2019-06-04,0.0,0.0
2019-06-07,0.009109311740890687,168.39663207409595
2019-06-13,0.0,0.0
2019-06-15,0.0,0.0
2019-06-17,0.0,0.0
2019-06-25,0.0,0.0
2019-06-28,0.0,0.0
2019-07-02,0.0,0.0
2019-07-03,0.0,0.0
2019-07-18,0.0,0.0
2019-07-21,0.0,0.0
2019-07-23,0.016971279373368148,313.73460144468936
2019-07-26,0.0,0.0
2019-08-02,0.0,0.0
2019-08-05,0.0,0.0
2019-08-14,0.0,0.0
2019-08-17,0.0,0.0
2019-08-20,0.0,0.0
2019-08-27,0.0,0.0
2019-08-30,0.0,0.0
2019-09-04,0.0,0.0
2019-09-06,0.0,0.0
2020-04-17,0.0,0.0
2020-04-20,0.048034934497816595,887.983793004015
2020-04-21,0.0,0.0
2020-04-29,0.01015531660692951,187.7332956535587
2020-04-30,0.0,0.0
2020-05-02,0.008555053237481163,158.1504940641713
2020-05-03,0.0,0.0
2020-05-04,0.006237006237006237,115.29859493361525
2020-05-05,0.014084507042253521,260.36912752614523
2020-05-09,0.0,0.0
2020-05-10,0.0,0.0
2020-05-13,0.004728132387706856,87.40523902768942
2020-05-14,0.0,0.0
2020-05-16,0.0,0.0
2020-05-20,0.0,0.0
2020-05-22,0.0,0.0
2020-05-26,0.0,0.0
2020-05-30,0.0,0.0
2020-05-31,0.0,0.0
2020-06-01,0.0,0.0
2020-06-03,0.039285714285714285,726.2438878497122
2020-06-04,0.023660563854880377,437.3941061047015
2020-06-05,0.01232394366197183,227.82298658537707
2020-06-06,0.00954653937947494,176.47931316807936
2020-06-09,0.0,0.0
2020-06-13,0.0,0.0
2020-06-14,0.02054794520547945,379.8535901580064
2020-06-16,0.0,0.0
2020-06-23,0.007575757575757576,140.04703071482055
2020-06-24,0.011787819253438114,217.91207922620407
2020-06-27,0.0,0.0
2020-06-28,0.03740648379052369,691.5040419335279
2020-06-30,0.0,0.0
2020-07-11,0.006191950464396285,114.46568454709791
2020-07-12,0.0,0.0
2020-07-13,0.0,0.0
2020-07-14,0.020700636942675158,382.6762813799873
2020-07-16,0.0,0.0
2020-07-22,0.0,0.0
2020-07-26,0.0046251217137293086,85.50096227672101
2020-07-27,0.0,0.0
2020-07-28,0.0,0.0
2020-08-06,0.009009009009009009,166.54241490411093
2020-08-08,0.0,0.0
2020-08-11,0.0,0.0
2020-08-13,0.0,0.0
2020-08-17,0.003968253968253968,73.3579684696679
2020-08-18,0.004340277777777778,80.23527801369927
2020-08-19,0.009230769230769232,170.64192050175058
2020-08-20,0.0,0.0
2020-08-21,0.0,0.0
2020-08-22,0.00678626511892199,125.45230890041299
2020-08-23,0.009259259259259259,171.16859309589177
2020-08-24,0.0,0.0
2020-08-25,0.0,0.0
2020-08-26,0.005398110661268556,99.79059678464945
2020-08-27,0.0,0.0
2020-08-28,0.0,0.0
2020-08-29,0.029892797554225657,552.604474914169
2020-08-31,0.006696428571428571,123.7915717925646
2020-09-01,0.0,0.0
2020-09-02,0.011224489795918367,207.49825367134633
2020-09-03,0.0,0.0
2020-09-04,0.0,0.0
2020-09-05,0.0,0.0
2020-09-06,0.007428040854224698,137.31630866745635
2020-09-09,0.0,0.0
2020-09-10,0.0,0.0
2020-09-12,0.0,0.0
2020-09-13,0.006265664160401002,115.82837126789669
2020-09-17,0.0,0.0
2020-09-18,0.0,0.0
2020-09-19,0.006191950464396285,114.46568454709791
2020-09-20,0.0,0.0
2020-09-21,0.0,0.0
2020-09-22,0.0,0.0
2020-09-23,0.010082263242375602,186.38281595734443
2020-09-24,0.012682308180088777,234.44778762658606
2020-09-25,0.0,0.0
2020-09-26,0.0,0.0
2020-09-27,0.017770597738287562,328.5109670402576
2020-09-28,0.008489546284350034,156.93951889958228
2020-09-29,0.0,0.0
2020-09-30,0.0,0.0
2020-10-01,0.0,0.0
2020-10-02,0.0,0.0
2020-10-03,0.0,0.0
2020-10-04,0.0,0.0
2020-10-05,0.011251892664730636,208.00482880549617
2020-10-07,0.007747933884297521,143.229917776521
2020-10-08,0.007407407407407408,136.93487447671342
2020-10-09,0.002295684113865932,42.43849415600622
2020-10-10,0.0,0.0
2020-10-11,0.0,0.0
2020-10-12,0.005277044854881267,97.55254909950561
2020-10-13,0.0,0.0
2020-10-14,0.0,0.0
2020-10-15,0.0,0.0
2020-10-16,0.0027397260273972603,50.647145354400855
2020-10-17,0.0,0.0
2020-10-18,0.0,0.0
2020-10-19,0.025603511338697878,473.31183752923994
2020-10-20,0.0,0.0
2020-10-21,0.0,0.0
2020-10-22,0.01202200245110309,222.24123854107324
2020-10-24,0.008439030392518764,156.0056716131381
2020-10-25,0.007170276512077898,132.5512234095363
2020-10-26,0.01035400122991364,191.4062209312447
2020-10-27,0.0,0.0
2020-10-28,0.004743659916073709,87.69228414764899
2020-10-29,0.0,0.0
2020-10-30,0.0,0.0
2020-10-31,0.030534351145038167,564.4643680719485
2020-11-01,0.0,0.0
2020-11-02,0.0,0.0
2020-11-04,0.0,0.0
2020-11-05,0.0021265284423179157,39.311447218195234
2020-11-06,0.0,0.0
2020-11-07,0.0,0.0
2020-11-08,0.0,0.0
2020-11-09,0.0,0.0
2020-11-10,0.029336734693877552,542.3249811864735
2020-11-11,0.023370414136886567,432.0303380509551
2020-11-12,0.017148888160087267,317.01791442826084
2020-11-13,0.002777777777777778,51.350577928767535
2020-11-14,0.023076923076923078,426.60480125437647
2020-11-15,0.010375664267571801,191.80668835248284
2020-11-16,0.0,0.0
2020-11-17,0.0,0.0
2020-11-19,0.002325581395348837,42.99118152175886
2020-11-20,0.0,0.0
2020-11-21,0.016214447333351326,299.74364689073553
2020-11-22,0.0023234200743494425,42.9512268920918
2020-11-23,0.014767932489451477,273.0030725326881
2020-11-24,0.0,0.0
2020-11-25,0.007398038338632398,136.76167592206303
2020-11-26,0.015873015873015872,293.4318738786716
2020-11-27,0.0,0.0
2020-11-28,0.0,0.0
2020-11-29,0.0,0.0
2020-11-30,0.012618811523245847,233.27397521743163
2020-12-02,0.0,0.0
2020-12-03,0.0,0.0
2020-12-04,0.0,0.0
2020-12-05,0.028985507246376812,535.8321175175743
2020-12-06,0.03450807635829662,637.9234791150856
2020-12-07,0.003656307129798903,67.59125431208889
2020-12-08,0.0,0.0
2020-12-09,0.008100147275405008,149.7410078040644
2020-12-10,0.01766251476575739,326.51292272293153
2020-12-11,0.002577319587628866,47.64486611947503
2020-12-12,0.001756440281030445,32.469920470180874
2020-12-13,0.0,0.0
2020-12-14,0.011363636363636364,210.07054607223083
2020-12-15,0.011082693947144076,204.87698610966078
2020-12-16,0.0030185424752048294,55.80140421754815
2020-12-17,0.008278145695364239,153.03152362877742
2020-12-18,0.04059026207885752,750.3600297706095
2020-12-19,0.0,0.0
2020-12-20,0.0,0.0
2020-12-21,0.0,0.0
2020-12-22,0.00784313725490196,144.9898670929907
2020-12-23,0.0036281179138321997,67.07014260083923
2020-12-24,0.0,0.0
2020-12-25,0.02857142857142857,528.1773729816089
2020-12-26,0.009715025906735751,179.59399016537867
2020-12-27,0.0040650406504065045,75.14718721283054
2020-12-28,0.00914380714879468,169.03432136152904
2020-12-29,0.0035587188612099642,65.78721727528936
2020-12-30,0.0,0.0
2020-12-31,0.0,0.0
2021-01-02,0.00677710843373494,125.28303651295694
2021-01-03,0.0,0.0
2021-01-04,0.0013175230566534915,24.356005341707924
2021-01-05,0.007280587225689301,134.59045021198125
2021-01-07,0.00778502988748242,143.9156822093821
2021-01-08,0.0,0.0
2021-01-09,0.016530549763346905,305.5871821781214
2021-01-10,0.008368200836820083,154.69630171009464
2021-01-11,0.006227758007117438,115.12763023175638
2021-01-12,0.0,0.0
2021-01-13,0.0,0.0
2021-01-15,0.0,0.0
2021-01-16,0.0,0.0
2021-01-21,0.0034482758620689655,63.74554501502176
2021-01-22,0.004433497536945813,81.95855787645657
2021-01-23,0.0019157088122605363,35.41419167501209
2021-01-24,0.0,0.0
2021-01-25,0.0,0.0
2021-01-26,0.0,0.0
2021-01-27,0.0,0.0
2021-01-28,0.0,0.0
2021-01-29,0.02608695652173913,482.2489057658168
2021-01-30,0.004219409282700422,78.00087786648233
2021-01-31,0.0,0.0
2021-02-01,0.009547123623011015,176.49011361564163
2021-02-02,0.0,0.0
2021-02-03,0.0059744733349274505,110.44535708467285
2021-02-04,0.002014098690835851,37.23304744079821
2021-02-05,0.012562780989860132,232.23818311986673
2021-02-06,0.011742772319219622,217.07933222803013
2021-02-07,0.012397789550923535,229.1881170524972
2021-02-08,0.008093541863787313,149.61889879061502
2021-02-09,0.00546448087431694,101.01753035167384
2021-02-10,0.031553213348046116,583.2992667354732
2021-02-11,0.0,0.0
2021-02-12,0.0029644268774703555,54.80101201884282
2021-02-13,0.003195425496131853,59.071300543688174
2021-02-14,0.003531300160513644,65.28034946963706
2021-02-15,0.004591368227731864,84.87698831201244
2021-02-16,0.0053683268714583956,99.2400074495716
2021-02-17,0.0,0.0
2021-02-18,0.0020350020350020353,37.61947101008611
2021-02-19,0.006593406593406593,121.88708607267897
2021-02-20,0.005589430894308943,103.32738241764199
2021-02-21,0.0,0.0
2021-02-22,0.0,0.0
2021-02-23,0.008281573498964802,153.0948907193069
2021-02-24,0.006423776860596624,118.75127553974903
2021-02-25,0.0018286311389759666,33.80445568978427
2021-02-26,0.0,0.0
2021-02-27,0.010788337219527822,199.4354464007472
2021-02-28,0.013398336572216804,247.68443745629102
2021-03-01,0.009179215890050243,169.68889471932224
2021-03-02,0.013615023474178404,251.69015660860708
2021-03-03,0.009597859386512584,177.4280254955283
2021-03-04,0.0,0.0
2021-03-05,0.0,0.0
2021-03-06,0.0,0.0
2021-03-07,0.010256410256410256,189.60213389083398
2021-03-08,0.002110490378646803,39.014964236382035
2021-03-09,0.007142857142857143,132.04434324540222
2021-03-10,0.009831460674157303,181.74642750069407
2021-03-11,0.0,0.0
2021-03-12,0.0047619047619047615,88.02956216360148
2021-03-13,0.019138755980861243,353.80302496375714
2021-03-14,0.0,0.0
2021-03-16,0.011029411764705883,203.89200059951818
2021-03-17,0.006218905472636816,114.96398043753926
2021-03-19,0.0,0.0
2021-03-20,0.0,0.0
2021-03-22,0.0,0.0
2021-03-23,0.007239618306032809,133.83309023944912
2021-03-25,0.0,0.0
2021-03-26,0.0,0.0
2021-03-27,0.006346404404656832,117.32095222156951
2021-03-28,0.004779169198006284,88.34871612131536
2021-03-29,0.02016782722228267,372.8266500354284
2021-03-31,0.0,0.0
2021-04-01,0.0,0.0
2021-04-02,0.0,0.0
2021-04-03,0.0,0.0
2021-04-04,0.0,0.0
2021-04-05,0.010206750039410392,188.68410478735
2021-04-06,0.0,0.0
2021-04-07,0.012893373468038144,238.3495844526707
2021-04-08,0.0,0.0
2021-04-09,0.0,0.0
2021-04-10,0.004322869869429735,79.91347179818618
2021-04-11,0.0,0.0
2021-04-12,0.0027548209366391185,50.92619298720747
2021-04-13,0.006920415224913495,127.9322356702859
2021-04-14,0.004807692307692308,88.87600026132843
2021-04-15,0.001890359168241966,34.94557288158093
2021-04-16,0.004254674842910137,78.65280434967255
2021-04-17,0.0,0.0
2021-04-18,0.003409573378890909,63.03008285877198
2021-04-19,0.008719711019794659,161.1943920857875
2021-04-20,0.0,0.0
2021-04-21,0.0,0.0
2021-04-22,0.008963222221187946,165.69599081831007
2021-04-23,0.0014797008547008548,27.354057858208865
2021-04-24,0.0024798429210009607,45.84289217974644
2021-04-25,0.006945531923793504,128.39654819142038
2021-04-26,0.014274655787079722,263.8842567842771
2021-04-27,0.002631578947368421,48.64791593251661
2021-04-28,0.0017271157167530226,31.927820473845102
2021-04-29,0.020356234096692113,376.3095787146324
2021-04-30,0.0,0.0
2021-05-02,0.001201923076923077,22.219000065332107
2021-05-03,0.0,0.0
2021-05-04,0.004987531172069825,92.20053892447038
2021-05-05,0.0,0.0
2021-05-06,0.010856488952788942,200.69531352107725
2021-05-07,0.0,0.0
2021-05-08,0.0024122807017543857,44.59392293814022
2021-05-09,0.0,0.0
2021-05-10,0.003968253968253968,73.3579684696679
2021-05-11,0.0,0.0
2021-05-12,0.0,0.0
2021-05-13,0.003455723542116631,63.883224377905194
2021-05-14,0.0,0.0
2021-05-15,0.004375876644676751,80.89336607369303
2021-05-16,0.0,0.0
2021-05-17,0.007677419018254477,141.92636529192424
2021-05-18,0.0,0.0
2021-05-19,0.0028735632183908046,53.12128751251814
2021-05-21,0.0,0.0
2021-05-22,0.004464285714285714,82.52771452837638
2021-05-23,0.0022162500287712253,40.97005913233803
2021-05-24,0.010792761165488255,199.51722838619298
2021-05-25,0.0,0.0
2021-05-26,0.015473887814313346,286.05350954516535
2021-05-27,0.0,0.0
2021-05-28,0.004722527453299645,87.3016250441067
2021-05-29,0.0,0.0
2021-05-30,0.0,0.0
2021-05-31,0.0,0.0
2021-06-01,0.0069813343730201274,129.05839971667925
2021-06-02,0.0,0.0
2021-06-04,0.00927643784786642,171.48616005896395
2021-06-05,0.008760951188986232,161.9567664336598
2021-06-07,0.0,0.0
2021-06-08,0.005208333333333333,96.28233361643912
2021-06-09,0.009195402298850575,169.98812004005802
2021-06-10,0.007543103448275862,139.44337972036013
2021-06-11,0.0,0.0
2021-06-12,0.003601440576230492,66.57697978759775
2021-06-13,0.015434733514001805,285.3296950033835
2021-06-14,0.011709601873536299,216.46613646787247
2021-06-15,0.02877697841726619,531.977210197304
2021-06-16,0.007650273224043716,141.42454249234336
2021-06-17,0.007281553398058253,134.60831107541006
2021-06-18,0.0,0.0
2021-06-19,0.0,0.0
2021-06-20,0.0,0.0
2021-06-22,0.0,0.0
2021-06-23,0.004459308807134894,82.43571038731912
2021-06-24,0.0065080830592237635,120.3097774678422
2021-06-25,0.006896551724137931,127.49109003004352
2021-06-26,0.002686709084839718,49.66706312387627
2021-06-27,0.00751025715707612,138.8361763474277
2021-06-28,0.012073564268783735,223.19442103037846
2021-06-29,0.006856540084388185,126.75142653303378
2021-06-30,0.0,0.0
2021-07-01,0.005003752814610958,92.50041558346915
2021-07-02,0.016641315764779955,307.63482552596184
2021-07-03,0.0,0.0
2021-07-04,0.0018115942028985507,33.48950734484839
2021-07-05,0.001826817683595177,33.7709317763177
2021-07-06,0.004411764705882353,81.55680023980726
2021-07-07,0.0,0.0
2021-07-08,0.01045751633986928,193.31982279065423
2021-07-10,0.0,0.0
2021-07-11,0.006628343063353241,122.53292892479747
2021-07-12,0.0,0.0
2021-07-13,0.0,0.0
2021-07-14,0.0,0.0
2021-07-15,0.0,0.0
2021-07-17,0.011844643905712608,218.9625515707668
2021-07-18,0.0,0.0
2021-07-19,0.0018063583815028901,33.39271686119276
2021-07-20,0.0,0.0
2021-07-21,0.0,0.0
2021-07-22,0.0021768707482993197,40.24208556050354
2021-07-23,0.012600229095074455,232.9304565841001
2021-07-24,0.0,0.0
2021-07-25,0.0,0.0
2021-07-26,0.005698005698005698,105.3345188282411
2021-07-27,0.002785515320334262,51.49361575029613
2021-07-28,0.0,0.0
2021-07-29,0.0,0.0
2021-07-30,0.0,0.0
2021-07-31,0.0,0.0
2021-08-02,0.008188105819032464,151.36702774171974
2021-08-03,0.0,0.0
2021-08-04,0.0,0.0
2021-08-05,0.0015915119363395225,29.421020776163893
2021-08-06,0.0,0.0
2021-08-07,0.0,0.0
2021-08-08,0.004020100502512563,74.31641428886961
2021-08-09,0.0010233319688907083,18.917527685587714
2021-08-10,0.0020946795140343527,38.72268130363702
2021-08-11,0.015523316434760723,286.9672573065954
2021-08-12,0.002102102102102102,38.859896810959214
2021-08-13,0.0014320785597381341,26.473702205502082
2021-08-14,0.0,0.0
2021-08-15,0.0,0.0
2021-08-16,0.002561639449247518,47.35499981903634
2021-08-17,0.0,0.0
2021-08-18,0.006484149855907781,119.86734329193574
2021-08-19,0.0,0.0
2021-08-20,0.0014326647564469914,26.484538759822797
2021-08-21,0.0,0.0
2021-08-22,0.0009693053311793214,17.918780020377685
2021-08-23,0.008593304047849503,158.8576065028882
2021-08-24,0.010117378381555306,187.03196172607812
2021-08-25,0.007366482504604051,136.17832820888626
2021-08-26,0.002044989775051125,37.804106450626406
2021-08-27,0.0030937648738695862,57.19198112961258
2021-08-28,0.0,0.0
2021-08-29,0.004533275195441559,83.80306843058543
2021-08-30,0.003893871898768162,71.9829260576397
2021-08-31,0.007396650326174907,136.7360168349918
2021-09-01,0.0,0.0
2021-09-02,0.00620347394540943,114.67871001461734
2021-09-03,0.0,0.0
2021-09-04,0.004427577482605946,81.84911852023669
2021-09-05,0.0,0.0
2021-09-06,0.0008928571428571428,16.505542905675277
2021-09-07,0.0,0.0
2021-09-08,0.0,0.0
2021-09-09,0.00234375,43.327050127397605
2021-09-10,0.0038071065989847713,70.37896467394535
2021-09-11,0.0012729587197672304,23.532179738224073
2021-09-12,0.0,0.0
2021-09-13,0.005197460859092734,96.08134279556178
2021-09-14,0.0,0.0
2021-09-15,0.0032679738562091504,60.412444622079455
2021-09-16,0.0,0.0
2021-09-17,0.002922077922077922,54.018140418573644
2021-09-18,0.00431266846361186,79.72488648779003
2021-09-19,0.0029585798816568047,54.692923237740565
2021-09-20,0.0,0.0
2021-09-21,0.0,0.0
2021-09-22,0.0,0.0
2021-09-23,0.0,0.0
2021-09-24,0.0,0.0
2021-09-25,0.0,0.0
2021-09-26,0.0,0.0
2021-09-27,0.0031645569620253164,58.50065839986175
2021-09-28,0.0007065889418830596,13.06215018855772
2021-09-29,0.0,0.0
2021-09-30,0.003401360544217687,62.87825868828677
2021-10-01,0.0028935326729444375,53.490447004128605
2021-10-02,0.0,0.0
2021-10-03,0.0,0.0
2021-10-04,0.0034129692832764505,63.092860253775804
2021-10-05,0.0,0.0
2021-10-06,0.0,0.0
2021-10-07,0.009243196084014589,170.8716458963052
2021-10-08,0.0,0.0
2021-10-09,0.01585820895522388,293.1581501157251
2021-10-10,0.0,0.0
2021-10-11,0.0,0.0
2021-10-12,0.008189655172413794,151.3956694106767
2021-10-13,0.0,0.0
2021-10-14,0.0,0.0
2021-10-16,0.0,0.0
2021-10-17,0.003968253968253968,73.3579684696679
2021-10-18,0.006658119658119658,123.08338525079972
2021-10-19,0.0,0.0
2021-10-20,0.0053883568931448545,99.61028659780075
2021-10-21,0.0171227758838089,316.5351974562061
2021-10-22,0.009672170483346081,178.8017558923397
2021-10-23,0.011729378346722318,216.83172846577062
2021-10-24,0.0018617021276595746,34.41581286715271
2021-10-25,0.0,0.0
2021-10-26,0.0035236081747709656,65.13815382084677
2021-10-27,0.0,0.0
2021-10-28,0.0,0.0
2021-10-29,0.011847953216374269,219.02372817617479
2021-10-30,0.00423728813559322,78.33139006083184
2021-10-31,0.0011455525606469002,21.176922973319222
2021-11-01,0.0,0.0
2021-11-02,0.0,0.0
2021-11-03,0.001991040318566451,36.80678557363129
2021-11-04,0.0035211267605633804,65.09228188153631
2021-11-05,0.0,0.0
2021-11-06,0.0056772100567721,104.95008627777305
2021-11-07,0.0070052539404553416,129.50058181685682
2021-11-09,0.0,0.0
2021-11-10,0.01226464077829093,226.72670113942868
2021-11-11,0.0,0.0
2021-11-12,0.018691588785046728,345.5365991468469
2021-11-14,0.0,0.0
2021-11-15,0.0,0.0
2021-11-16,0.010500815993472051,194.1202691958366
2021-11-17,0.0,0.0
2021-11-18,0.0,0.0
2021-11-19,0.005690440060698027,105.19465888290769
2021-11-20,0.0,0.0
2021-11-21,0.0,0.0
2021-11-22,0.002649445272396092,48.97819653414489
2021-11-23,0.0030242095096347198,55.906166195070305
2021-11-24,0.0,0.0
2021-11-25,0.00894762945434736,165.40773968635193
2021-11-26,0.0,0.0
2021-11-27,0.0,0.0
2021-11-28,0.0050326051620059025,93.03378608026867
2021-11-29,0.004987531172069825,92.20053892447038
2021-11-30,0.005279511898189437,97.59815537537955
2021-12-01,0.0006038647342995169,11.163169114949463
2021-12-02,0.0,0.0
2021-12-03,0.0,0.0
2021-12-04,0.014056645851917928,259.85407976495947
2021-12-05,0.010475938122996945,193.66037170628448
2021-12-06,0.006024096385542168,111.36269912262837
2021-12-07,0.0035826242722794446,66.22913767794469
2021-12-08,0.005698005698005698,105.3345188282411
2021-12-09,0.0,0.0
2021-12-10,0.0,0.0
2021-12-11,0.0,0.0
2021-12-13,0.005940685508925722,109.82074830350051
2021-12-14,0.004888888888888889,90.37701715463086
2021-12-15,0.0,0.0
2021-12-16,0.002840909090909091,52.51763651805771
2021-12-17,0.0011200716845878136,20.70587819708368
2021-12-18,0.003012048192771084,55.681349561314185
2021-12-19,0.0,0.0
2021-12-20,0.0,0.0
2021-12-21,0.0,0.0
2021-12-22,0.0,0.0
2021-12-23,0.0022328548644338117,41.277019579105
2021-12-24,0.00889967637540453,164.5212690921678
2021-12-25,0.0,0.0
2021-12-26,0.0,0.0
2021-12-27,0.0,0.0
2021-12-28,0.0,0.0
2021-12-29,0.0,0.0
2021-12-30,0.0,0.0
2021-12-31,0.0,0.0
2022-01-01,0.007428040854224698,137.31630866745635
2022-01-02,0.0,0.0
2022-01-03,0.00223463687150838,41.30996213263981
2022-01-04,0.006957396118878638,128.61587217016162
2022-01-05,0.011118020355383515,205.5300374421882
2022-01-06,0.007658643326039387,141.57927393927153
2022-01-07,0.0,0.0
2022-01-08,0.0,0.0
2022-01-09,0.0038314176245210726,70.82838335002418
2022-01-10,0.0066934843455054354,123.73714421959048
2022-01-11,0.005756922322960059,106.4236638150079
2022-01-12,0.016449128567597546,304.0820130134643
2022-01-13,0.011424575169467918,211.19707351541695
2022-01-14,0.0,0.0
2022-01-15,0.0,0.0
2022-01-16,0.0,0.0
2022-01-17,0.008130081300813009,150.2943744256611
2022-01-18,0.0,0.0
2022-01-19,0.0,0.0
2022-01-20,0.0,0.0
2022-01-21,0.0,0.0
2022-01-22,0.006932176570344209,128.14965834891723
2022-01-23,0.0042400521852576645,78.38248685800131
2022-01-24,0.0102739646583271,189.92664821693853
2022-01-25,0.0,0.0
2022-01-26,0.0,0.0
2022-01-27,0.001336005344021376,24.697672751311035
2022-01-28,0.01595231979596091,294.89790269776023
2022-01-29,0.00825082508250825,152.5264690953491
2022-01-30,0.008571428571428572,158.4532118944827
2022-01-31,0.0,0.0
2022-02-01,0.0029850746268656717,55.18271061001884
2022-02-02,0.0,0.0
2022-02-03,0.0,0.0
2022-02-04,0.0007936507936507937,14.671593693933582
2022-02-05,0.010382059800664452,191.9249175078521
2022-02-06,0.0,0.0
2022-02-07,0.012128826698199974,224.21601379815624
2022-02-08,0.0,0.0
2022-02-09,0.0,0.0
2022-02-10,0.00484171322160149,89.50491795405291
2022-02-11,0.0197887715397443,365.8193478238381
2022-02-12,0.0,0.0
2022-02-13,0.0,0.0
2022-02-14,0.0,0.0
2022-02-15,0.0,0.0
2022-02-16,0.0,0.0
2022-02-17,0.0,0.0
2022-02-18,0.0,0.0
2022-02-19,0.0,0.0
2022-02-20,0.0,0.0
2022-02-21,0.0,0.0
2022-02-22,0.003763440860215054,69.57175074220117
2022-02-23,0.0,0.0
2022-02-24,0.009252631007693688,171.04606185841402
2022-02-25,0.0,0.0
2022-02-26,0.0,0.0
2022-03-01,0.0,0.0
2022-03-02,0.005333333333333333,98.59310962323366
2022-03-03,0.0,0.0
2022-03-04,0.027726432532347505,512.5566003980493
2022-03-05,0.0025974025974025974,48.0161248165099
2022-03-06,0.0,0.0
2022-03-07,0.0030441400304414,56.27460594933428
2022-03-08,0.006428745878617657,118.84313384071167
2022-03-09,0.0,0.0
2022-03-10,0.0033503945657401744,61.93609100645763
2022-03-11,0.004669260700389105,86.31692476742246
2022-03-12,0.006307953707281093,116.6101446300465
2022-03-13,0.0070164161392405056,129.70692854594347
2022-03-14,0.009498048074827101,175.58289282153223
2022-03-15,0.003194888178913738,59.06136758580291
2022-03-16,0.0,0.0
2022-03-17,0.006055839827326177,111.9495149918089
2022-03-18,0.0,0.0
2022-03-19,0.0,0.0
2022-03-20,0.0,0.0
2022-03-21,0.0,0.0
2022-03-22,0.0009264406151565685,17.126373961790172
2022-03-23,0.0,0.0
2022-03-24,0.005075941876520482,93.83491760117742
2022-03-25,0.002,36.97241610871262
2022-03-26,0.0,0.0
2022-03-27,0.0027759982916933587,51.317681978781124
2022-03-28,0.0023391812865497076,43.24259194001476
2022-03-29,0.019526954050140682,360.9793352387563
2022-03-30,0.0,0.0
2022-03-31,0.0,0.0
2022-04-01,0.008151528349699082,150.69084903352098
2022-04-02,0.0,0.0
2022-04-03,0.014059262477870385,259.90245125671703
2022-04-04,0.0,0.0
2022-04-05,0.0,0.0
2022-04-06,0.0,0.0
2022-04-07,0.0,0.0
2022-04-08,0.004172803141875307,77.13930705057862
2022-04-09,0.0,0.0
2022-04-10,0.0,0.0
2022-04-11,0.002967877094972067,54.86479345741224
2022-04-12,0.015295734640582764,282.76013291003795
2022-04-13,0.0,0.0
2022-04-14,0.01400028390943289,258.8121611698334
2022-04-15,0.01338677410261596,247.47069123762765
2022-04-16,0.0,0.0
2022-04-17,0.012264150943396227,226.71764594965288
2022-04-18,0.0,0.0
2022-04-19,0.012125534950071327,224.15516185738755
2022-04-20,0.0,0.0
2022-04-21,0.0050586386537660784,93.51504662532865
2022-04-22,0.0,0.0
2022-04-23,0.015414258188824663,284.9511838821782
2022-04-24,0.010566762728146014,195.3393742535249
2022-04-25,0.0,0.0
2022-04-26,0.012987893270342938,240.09689718333377
2022-04-27,0.009123096627260517,168.65146235153426
2022-04-28,0.007515182186234818,138.92722146112916
2022-04-29,0.0022311468094600626,41.245444119492
2022-04-30,0.0,0.0
2022-05-02,0.0,0.0
2022-05-03,0.010189228529839884,188.36019851600318
2022-05-05,0.006252359553298503,115.58241953291841
2022-05-06,0.0045152722443559095,83.47026213122372
2022-05-07,0.002690144289557349,49.7305670329957
2022-05-08,0.0,0.0
2022-05-09,0.005648073213699959,104.41145653469432
2022-05-10,0.0016839741790625876,31.130297032314868
2022-05-11,0.005025125628140704,92.895517861087
2022-05-12,0.0057396614559802415,106.10457583682043
2022-05-13,0.0017134289997858213,31.67480497640833
2022-05-14,0.012742447239940603,235.5595307992003
2022-05-15,0.004933504933504933,91.2017986379655
2022-05-16,0.0008313703755022863,15.368885731763596
2022-05-17,0.005470459518599562,101.12805281376538
2022-05-18,0.0,0.0
2022-05-19,0.0,0.0
2022-05-20,0.0,0.0
2022-05-22,0.0,0.0
2022-05-23,0.01437816270922538,265.79770728212776
2022-05-24,0.0013692377909630305,25.31201467962982
2022-05-25,0.008037508372404554,148.58305201090135
2022-05-26,0.004459308807134894,82.43571038731912
2022-05-27,0.004788507581803671,88.52134742708529
2022-05-28,0.0,0.0
2022-05-29,0.01297016861219196,239.76923546506242
2022-05-30,0.0,0.0
2022-05-31,0.009448252198873575,174.66235589840642
2022-06-02,0.0,0.0
2022-06-03,0.0018281535648994515,33.795627156044446
2022-06-04,0.0,0.0
2022-06-05,0.0,0.0
2022-06-06,0.0022429906542056075,41.46439189762163
2022-06-07,0.006507013872742773,120.29001226410571
2022-06-08,0.0,0.0
2022-06-09,0.0,0.0
2022-06-10,0.01117383609959082,206.56185890231313
2022-06-12,0.0,0.0
2022-06-13,0.0,0.0
2022-06-14,0.0,0.0
2022-06-16,0.0,0.0
2022-06-17,0.0,0.0
2022-06-18,0.0,0.0
2022-06-19,0.0,0.0
2022-06-20,0.008852394786547544,163.64721180341704
2022-06-21,0.0,0.0
2022-06-22,0.0026014568158168575,48.09107194161372
2022-06-23,0.013852454715966475,256.0793599429055
2022-06-24,0.0,0.0
2022-06-25,0.01015354135710748,187.7004780160002
2022-06-26,0.0,0.0
2022-06-27,0.002933411557641537,54.22765636361488
2022-06-28,0.001203852327447833,22.25466459192172
2022-06-29,0.0,0.0
2022-06-30,0.0,0.0
2022-07-01,0.0,0.0
2022-07-02,0.0,0.0
2022-07-03,0.0064285714285714285,118.839908920862
2022-07-04,0.0,0.0
2022-07-05,0.008032128514056224,148.48359883017116
2022-07-07,0.006756756756756757,124.9068111780832
2022-07-08,0.008409785932721712,155.46505244489254
2022-07-09,0.0,0.0
2022-07-10,0.007907742998352552,146.1841823079247
2022-07-11,0.006172839506172839,114.11239539726117
2022-07-12,0.008507582111422815,157.27293295128214
2022-07-13,0.0,0.0
2022-07-14,0.0,0.0
2022-07-15,0.0013029315960912053,24.086264565936563
2022-07-16,0.0,0.0
2022-07-18,0.0,0.0
2022-07-19,0.004176959124963151,77.2161354186109
2022-07-20,0.0,0.0
2022-07-21,0.0,0.0
2022-07-22,0.007988875341668858,147.68401168640736
2022-07-23,0.02129471890971039,393.6586042239419
2022-07-25,0.0,0.0
2022-07-26,0.010153846153846154,187.70611255192563
2022-07-28,0.0,0.0
2022-07-29,0.0021806853582554517,40.31260323379881
2022-07-31,0.0,0.0
2022-08-01,0.005822981366459627,107.64484503701269
2022-08-02,0.014234875444839857,263.14886910115746
2022-08-04,0.0062724014336917565,115.95291790366862
2022-08-05,0.007718696397941681,142.68942752076055
2022-08-06,0.0183326182670494,338.9005954657682
2022-08-07,0.0,0.0
2022-08-08,0.0,0.0
2022-08-09,0.0,0.0
2022-08-10,0.005945303210463734,109.90611209486512
2022-08-11,0.0039494470774091624,73.01030037265525
2022-08-12,0.0,0.0
2022-08-13,0.0,0.0
2022-08-14,0.0,0.0
2022-08-15,0.0,0.0
2022-08-16,0.005801526717557252,107.2482299336702
2022-08-17,0.0,0.0
2022-08-18,0.0020938023450586267,38.70646577545292
2022-08-19,0.0,0.0
2022-08-20,0.006105006105006105,112.85841303025832
2022-08-22,0.005309734513274336,98.15685692578573
2022-08-23,0.0,0.0
2022-08-24,0.0,0.0
2022-08-25,0.0018779342723004694,34.7158836701527
2022-08-26,0.0,0.0
2022-08-27,0.0,0.0
2022-08-28,0.0,0.0
2022-08-29,0.007337526205450733,135.64303603825385
2022-08-30,0.0,0.0
2022-08-31,0.0,0.0
2022-09-01,0.005853752067629367,108.21367862081492
2022-09-02,0.0,0.0
2022-09-03,0.0,0.0
2022-09-04,0.0,0.0
2022-09-05,0.0,0.0
2022-09-06,0.0,0.0
2022-09-07,0.0,0.0
2022-09-08,0.0,0.0
2022-09-09,0.0,0.0
2022-09-10,0.0,0.0
2022-09-11,0.0,0.0
2022-09-12,0.004769475357710652,88.16951377276462
2022-09-13,0.0,0.0
2022-09-14,0.0,0.0
2022-09-15,0.019345008112131398,357.61584477407166
2022-09-16,0.0053590568060021436,99.06863909086984
2022-09-17,0.0,0.0
2022-09-18,0.0012145748987854252,22.45288427654613
2022-09-19,0.0,0.0
2022-09-20,0.0,0.0
2022-09-21,0.0,0.0
2022-09-22,0.013594284389059902,251.30676956624941
2022-09-23,0.0,0.0
2022-09-24,0.0,0.0
2022-09-26,0.0030959752321981426,57.232842273548954
2022-09-27,0.0,0.0
2022-09-28,0.012345679012345678,228.22479079452233
2022-09-29,0.00708502024291498,130.97515827985242
2022-09-30,0.0,0.0
2022-10-01,0.0,0.0
2022-10-02,0.0,0.0
2022-10-03,0.0,0.0
2022-10-04,0.0,0.0
2022-10-05,0.0,0.0
2022-10-06,0.0,0.0
2022-10-07,0.0028409090909090906,52.5176365180577
2022-10-08,0.0,0.0
2022-10-09,0.003424657534246575,63.30893169300107
2022-10-10,0.002148997134670487,39.726808139734196
2022-10-11,0.004806408544726302,88.85226835204637
2022-10-12,0.0,0.0
2022-10-13,0.0018587360594795538,34.36098151367344
2022-10-14,0.0,0.0
2022-10-16,0.0,0.0
2022-10-17,0.0,0.0
2022-10-18,0.0,0.0
2022-10-19,0.009720633185908711,179.69764749478887
2022-10-20,0.0,0.0
2022-10-21,0.0,0.0
2022-10-22,0.0,0.0
2022-10-23,0.005931198102016608,109.64536212548231
2022-10-24,0.0028149190710767065,52.03717960409941
2022-10-25,0.004302624911320563,79.53921929052831
2022-10-26,0.0,0.0
2022-10-27,0.0033467414349971267,61.86855847149189
2022-10-28,0.0031055900621118015,57.41058401974011
2022-10-29,0.0,0.0
2022-10-30,0.0,0.0
2022-10-31,0.0,0.0
2022-11-01,0.0,0.0
2022-11-02,0.0,0.0
2022-11-03,0.0,0.0
2022-11-04,0.00556271214165951,102.83345399721169
2022-11-05,0.0,0.0
2022-11-08,0.02413793103448276,446.2188151051524
2022-11-09,0.0,0.0
2022-11-10,0.006607929515418502,122.15555983054831
2022-11-11,0.0,0.0
2022-11-16,0.0,0.0
2022-11-18,0.0,0.0
2022-11-19,0.0,0.0
2022-11-20,0.0,0.0
2022-11-21,0.0,0.0
2022-11-22,0.0,0.0
2022-11-23,0.0,0.0
2022-11-24,0.0,0.0
2022-11-28,0.010980392156862745,202.98581393018696
2022-11-29,0.0,0.0
2022-11-30,0.006274509803921568,115.99189367439253
2022-12-01,0.0,0.0
2022-12-04,0.0,0.0
2022-12-05,0.0033333333333333335,61.620693514521044
2022-12-06,0.0,0.0
2022-12-07,0.012605785019578123,233.03316456040926
2022-12-08,0.0,0.0
2022-12-09,0.0,0.0
2022-12-10,0.0,0.0
2022-12-11,0.008665008291873963,160.1831460763047
2022-12-12,0.0,0.0
2022-12-13,0.0,0.0
2022-12-14,0.006947890818858561,128.4401552163714
2022-12-15,0.005622489959839357,103.93851918111983
2022-12-16,0.0,0.0
2022-12-17,0.0,0.0
2022-12-18,0.0,0.0
2022-12-19,0.003401360544217687,62.87825868828677
2022-12-20,0.009807196210342118,181.29786957427916
2022-12-21,0.0055393586005830905,102.40173557806705
2022-12-22,0.0168670835337502,311.80841547511363
2022-12-23,0.0,0.0
2022-12-24,0.0,0.0
2022-12-25,0.006076388888888889,112.32938921917899
2022-12-26,0.014375561545372867,265.74962162596677
2022-12-27,0.004459308807134894,82.43571038731912
2022-12-28,0.0,0.0
2022-12-29,0.0,0.0
2022-12-30,0.009067357512953367,167.62105748768676
2022-12-31,0.01340686274509804,247.84205406208096
2023-01-01,0.0,0.0
2023-01-02,0.0,0.0
2023-01-03,0.0,0.0
2023-01-04,0.005458089668615984,100.89938119336776
2023-01-05,0.0,0.0
2023-01-06,0.0,0.0
2023-01-08,0.0,0.0
2023-01-09,0.014641485575121769,270.6655485665578
2023-01-10,0.0016366612111292963,30.255659663430954
2023-01-11,0.011495060167626539,212.50007385608814
2023-01-12,0.0,0.0
2023-01-13,0.0,0.0
2023-01-14,0.0,0.0
2023-01-15,0.0,0.0
2023-01-16,0.0,0.0
2023-01-17,0.0,0.0
2023-01-18,0.0,0.0
2023-01-19,0.010396975425330813,192.20065084869512
2023-01-20,0.0,0.0
2023-01-21,0.0,0.0
2023-01-22,0.009234828496042216,170.7169609241348
2023-01-23,0.0,0.0
2023-01-24,0.0,0.0
2023-01-25,0.0,0.0
2023-01-26,0.009615770505751001,177.759134172256
2023-01-27,0.024283777720499087,448.9149672868886
2023-01-28,0.0,0.0
2023-01-29,0.0,0.0
2023-01-30,0.0,0.0
2023-01-31,0.0015789473684210526,29.188749559509965
2023-02-01,0.004054054054054054,74.94408670684992
2023-02-02,0.0,0.0
2023-02-03,0.0023584905660377358,43.599547298010165
2023-02-04,0.004930966469428008,91.15487206290095
2023-02-05,0.0,0.0
2023-02-06,0.009312159484893513,172.14651767308897
2023-02-07,0.0,0.0
2023-02-08,0.014942528735632184,276.2306950650943
2023-02-09,0.004118404118404118,76.1336753847364
2023-02-10,0.0,0.0
2023-02-11,0.008417010498794886,155.59860727642368
2023-02-12,0.007878787878787877,145.64891194341334
2023-02-13,0.0,0.0
2023-02-14,0.0,0.0
2023-02-15,0.0,0.0
2023-02-16,0.017050059535125724,315.1909479054958
2023-02-17,0.0039494470774091624,73.01030037265525
2023-02-18,0.0,0.0
2023-02-21,0.0,0.0
2023-02-22,0.0,0.0
2023-02-23,0.010751446704592368,198.75348066641806
2023-02-24,0.03136200716845878,579.7645895183431
2023-02-25,0.010526315789473684,194.59166373006644
2023-02-26,0.008965979554214848,165.74696345032055
2023-02-27,0.01084262701363073,200.4390588297617
2023-02-28,0.0,0.0
2023-03-01,0.0,0.0
2023-03-02,0.0,0.0
2023-03-03,0.002895752895752896,53.5314905048928
2023-03-04,0.0,0.0
2023-03-05,0.01692047377326565,312.7953985508682
2023-03-06,0.019810254420357627,366.2164848244629
2023-03-07,0.0,0.0
2023-03-08,0.017036031656941193,314.93162563081535
2023-03-09,0.007991976219440857,147.74133515805167
2023-03-10,0.0063691478097263,117.74139153954819
2023-03-11,0.0,0.0
2023-03-12,0.018272425249169437,337.7878548138197
2023-03-13,0.005031446540880504,93.01236756908837
2023-03-14,0.01629817402250335,301.2914358861022
2023-03-15,0.008408241219134631,155.43649654813737
2023-03-16,0.020892979213611163,386.2319606181577
2023-03-17,0.0,0.0
2023-03-18,0.023076923076923078,426.60480125437647
2023-03-19,0.01142001673957875,211.1128054320846
2023-03-20,0.0,0.0
2023-03-21,0.011614401858304297,214.70624917951585
2023-03-22,0.01304694533687925,241.1885459713637
2023-03-23,0.013513513513513514,249.8136223561664
2023-03-24,0.012436868686868685,229.91054209016372
2023-03-25,0.0,0.0
2023-03-26,0.0052,96.12828188265283
2023-03-27,0.025466893039049237,470.7862832179027
2023-03-28,0.0,0.0
2023-03-29,0.0058620689655172415,108.36742652553701
2023-03-30,0.0,0.0
2023-03-31,0.00391644908616188,72.40029264108217
2023-04-01,0.008700631249650858,160.8416794852799
2023-04-02,0.030235174146613263,558.9337198339879
2023-04-03,0.0071301247771836,131.80897008453698
2023-04-04,0.015920305778049194,294.30608490198836
2023-04-05,0.0,0.0
2023-04-06,0.0040650406504065045,75.14718721283054
2023-04-07,0.004545454545454545,84.02821842889232
2023-04-08,0.0,0.0
2023-04-09,0.0,0.0
2023-04-10,0.0,0.0
2023-04-11,0.009111567472048773,168.43833198959902
2023-04-13,0.008280254777070064,153.07051255199494
2023-04-14,0.0,0.0
2023-04-15,0.0,0.0
2023-04-16,0.007633587786259542,141.1160920179871
2023-04-17,0.0,0.0
2023-04-18,0.013100197076132672,242.17296870245883
2023-04-19,0.022773166804551076,420.98949960549186
2023-04-20,0.016868957846007882,311.84306440146804
2023-04-21,0.0,0.0
2023-04-22,0.0,0.0
2023-04-23,0.0,0.0
2023-04-24,0.017830209099578165,329.61295506747905
2023-04-25,0.0008748906386701663,16.173410371265366
2023-04-26,0.0015942606616181746,29.471834283549324
2023-04-27,0.0018402487700733313,34.01922163534891
2023-04-28,0.0019305019305019303,35.687660336595194
2023-04-29,0.009776536312849162,180.73108433029915
2023-04-30,0.0029207232267037552,53.99309723803651
2023-05-01,0.0,0.0
2023-05-02,0.0021132713440405746,39.06637374124326
2023-05-03,0.0,0.0
2023-05-04,0.0,0.0
2023-05-05,0.005972696245733789,110.41250544410768
2023-05-06,0.0,0.0
2023-05-07,0.01401456507442225,259.0761657570853
2023-05-08,0.02092895391088162,386.89699635659184
2023-05-09,0.014598883145913748,269.87799119659735
2023-05-10,0.008478595907144454,156.73708794828627
2023-05-11,0.0,0.0
2023-05-12,0.0,0.0
2023-05-13,0.0,0.0
2023-05-14,0.00967741935483871,178.898787622803
2023-05-15,0.0,0.0
2023-05-16,0.004387096774193548,81.10078372233735
2023-05-17,0.0,0.0
2023-05-18,0.0031595576619273306,58.40824029812421
2023-05-19,0.0,0.0
2023-05-20,0.0,0.0
2023-05-21,0.0074243882190902066,137.2487852944135
2023-05-22,0.0,0.0
2023-05-23,0.002551020408163265,47.15869401621508
2023-05-24,0.018006787397375885,332.87721821845184
2023-05-25,0.0,0.0
2023-05-26,0.0006685981724983285,12.359844921566511
2023-05-27,0.0,0.0
2023-05-28,0.006600660066006601,122.0211752762793
2023-05-29,0.006321839080459771,116.86683252753991
2023-05-30,0.0,0.0
2023-05-31,0.0,0.0
2023-06-01,0.00233843537414966,43.228802848197155
2023-06-02,0.0,0.0
2023-06-03,0.008009153318077803,148.05887457722446
2023-06-04,0.0,0.0
2023-06-05,0.0,0.0
2023-06-06,0.01662240522366241,307.2852413284425
2023-06-07,0.009507829977628635,175.76372311188885
2023-06-08,0.011390887290167866,210.57431236976615
2023-06-09,0.007532956685499058,139.25580455258992
2023-06-10,0.008547008547008548,158.00177824236167
2023-06-11,0.003292181069958848,60.859944211872644
2023-06-12,0.009237925353351419,170.7742100726674
2023-06-13,0.00375234521575985,69.3666343503051
2023-06-14,0.0,0.0
2023-06-15,0.003262158956109134,60.30494916901525
2023-06-16,0.0,0.0
2023-06-17,0.0,0.0
2023-06-18,0.00294811320754717,54.49943412251271
2023-06-20,0.0,0.0
2023-06-21,0.006853057428504998,126.68704543179545
2023-06-22,0.0,0.0
2023-06-23,0.0,0.0
2023-06-24,0.0,0.0
2023-06-25,0.0,0.0
2023-06-27,0.0,0.0
2023-06-29,0.0,0.0
2023-06-30,0.013821138211382113,255.5004365236238
2023-07-01,0.011441647597254004,211.5126779674635
2023-07-02,0.006499535747446611,120.1517700840243
2023-07-03,0.0,0.0
2023-07-04,0.0,0.0
2023-07-05,0.0,0.0
2023-07-06,0.0,0.0
2023-07-07,0.0,0.0
2023-07-08,0.0,0.0
2023-07-09,0.0,0.0
2023-07-10,0.00802139037433155,148.2850913451041
2023-07-11,0.009649122807017543,178.37569175256087
2023-07-12,0.0,0.0
2023-07-13,0.0,0.0
2023-07-14,0.0,0.0
2023-07-16,0.0,0.0
2023-07-17,0.006207324643078833,114.74989481288836
2023-07-18,0.0,0.0
2023-07-19,0.0,0.0
2023-07-20,0.002329192546583851,43.057938014805075
2023-07-21,0.0,0.0
2023-07-22,0.0,0.0
2023-07-23,0.004702194357366771,86.92574320230241
2023-07-24,0.012216404886561954,225.8350024092394
2023-07-25,0.012731788285223401,235.3624871446562
2023-07-26,0.0,0.0
2023-07-27,0.0,0.0
2023-07-28,0.005440848214285714,100.58065208145872
2023-07-29,0.0,0.0
2023-07-30,0.0,0.0
2023-07-31,0.0,0.0
2023-08-01,0.011393736945544807,210.62699169194752
2023-08-02,0.0,0.0
2023-08-03,0.0,0.0
2023-08-04,0.0,0.0
2023-08-05,0.0,0.0
2023-08-06,0.0,0.0
2023-08-07,0.0,0.0
2023-08-08,0.002246727396732445,41.533470097418316
2023-08-09,0.0,0.0
2023-08-10,0.002860411899313501,52.878169491865876
2023-08-11,0.0,0.0
2023-08-12,0.0,0.0
2023-08-13,0.0,0.0
2023-08-14,0.0,0.0
2023-08-15,0.0,0.0
2023-08-16,0.0,0.0
2023-08-17,0.00771513353115727,142.62356362411396
2023-08-18,0.0,0.0
2023-08-19,0.007471960077078907,138.1282085587249
2023-08-20,0.0,0.0
2023-08-21,0.009665427509293681,178.6771038711019
2023-08-22,0.01053349814959722,194.72443833363144
2023-08-23,0.03133903133903134,579.339853555326
2023-08-24,0.007692307692307693,142.20160041812548
2023-08-25,0.0023064250411861617,42.637053173144714
2023-08-26,0.015397169178207553,284.63527287646724
2023-08-27,0.0,0.0
2023-08-28,0.0,0.0
2023-08-29,0.0022682445759368837,41.93124114893443
2023-08-30,0.0,0.0
2023-08-31,0.005859035460899857,108.31134852804618
2023-09-01,0.0028933092224231465,53.48631625130217
2023-09-02,0.0,0.0
2023-09-03,0.0,0.0
2023-09-04,0.0,0.0
2023-09-05,0.0,0.0
2023-09-06,0.0,0.0
2023-09-07,0.005208333333333333,96.28233361643912
2023-09-08,0.0,0.0
2023-09-09,0.0,0.0
2023-09-11,0.0,0.0
2023-09-12,0.0,0.0
2023-09-13,0.0,0.0
2023-09-14,0.0,0.0
2023-09-15,0.005704697986577181,105.45823386713332
2023-09-16,0.003636363636363637,67.22257474311387
2023-09-17,0.0,0.0
2023-09-18,0.0,0.0
2023-09-19,0.0,0.0
2023-09-20,0.0,0.0
2023-09-21,0.0,0.0
2023-09-22,0.0,0.0
2023-09-23,0.0,0.0
2023-09-24,0.0,0.0
2023-09-25,0.005970149253731343,110.36542122003767
2023-09-26,0.010309278350515464,190.57946447790013
2023-09-27,0.0,0.0
2023-09-28,0.0,0.0
2023-09-29,0.0,0.0
2023-10-01,0.0,0.0
2023-10-02,0.005940594059405941,109.81905774865135
2023-10-03,0.0,0.0
2023-10-04,0.0,0.0
2023-10-05,0.0,0.0
2023-10-06,0.0,0.0
2023-10-07,0.0,0.0
2023-10-08,0.0,0.0
2023-10-09,0.012295081967213115,227.28944329126614
2023-10-10,0.008534850640113799,157.77702464599983
2023-10-11,0.007086614173228346,131.00462400724945
2023-10-12,0.006273062730627306,115.9651427764049
2023-10-13,0.007296954314720812,134.89301562506193
2023-10-14,0.012722373891476188,235.18845070313955
2023-10-15,0.003395823724644366,62.77590388969493
2023-10-16,0.0,0.0
2023-10-17,0.0,0.0
2023-10-18,0.0034482758620689655,63.74554501502176
2023-10-19,0.0,0.0
2023-10-20,0.0,0.0
2023-10-21,0.0,0.0
2023-10-22,0.0,0.0
2023-10-23,0.0,0.0
2023-10-24,0.0,0.0
2023-10-25,0.0,0.0
2023-10-26,0.0,0.0
2023-10-27,0.0034965034965034965,64.63709109914795
2023-10-28,0.0,0.0
2023-10-29,0.0,0.0
2023-10-30,0.0,0.0
2023-10-31,0.0,0.0
2023-11-01,0.004596888260254597,84.97903278169451
2023-11-02,0.0,0.0
2023-11-03,0.004294478527607362,79.38862354631546
2023-11-04,0.003119584055459272,57.66927989227272
2023-11-05,0.01273639653171298,235.44767614802828
2023-11-06,0.0,0.0
2023-11-07,0.0,0.0
2023-11-08,0.01228878648233487,227.17306364800382
2023-11-09,0.0026431718061674008,48.86222393221932
2023-11-11,0.0,0.0
2023-11-12,0.0,0.0
2023-11-13,0.0,0.0
2023-11-14,0.004177109440267335,77.21891417859779
2023-11-15,0.008421041021554446,155.6731163587247
2023-11-16,0.008928571428571428,165.05542905675276
2023-11-17,0.003731343283582089,68.97838826252354
2023-11-18,0.002898550724637681,53.58321175175743
2023-11-19,0.0,0.0
2023-11-20,0.0,0.0
2023-11-21,0.004859611231101512,89.83578428142917
2023-11-22,0.011401089751275595,210.76291718847008
2023-11-23,0.0494678024508462,914.4720880981399
2023-11-24,0.020219005253476415,373.77273776788826
2023-11-25,0.0066945606694560665,123.75704136807573
2023-11-26,0.021170425107232344,391.36088313146564
2023-11-27,0.008089535263448307,149.5448319431575
2023-11-28,0.0049083274377087665,90.73636221238988
2023-11-29,0.004191235059760956,77.48004331945356
2023-11-30,0.027178874071538312,502.43432076960744
2023-12-01,0.00933634992458522,172.59370717415624
2023-12-02,0.01491500376715947,275.7218627712181
2023-12-03,0.009202453987730062,170.11847902781884
2023-12-04,0.0,0.0
2023-12-05,0.007820987131331959,144.58039530024593
2023-12-06,0.005037830636952535,93.13038529731494
2023-12-07,0.012987012987012986,240.0806240825495
2023-12-08,0.0,0.0
2023-12-09,0.014923582164961476,275.88044481775904
2023-12-10,0.0,0.0
2023-12-11,0.0,0.0
2023-12-12,0.009436364577094831,174.44259884893305
2023-12-13,0.021056908766893905,389.26239644640015
2023-12-14,0.012303948663914464,227.45335489124213
2023-12-15,0.016138196219391856,298.3340529337043
2023-12-16,0.0,0.0
2023-12-17,0.005958207831325301,110.14466960097464
2023-12-18,0.007183637618420227,132.798219601217
2023-12-19,0.005390835579514825,99.65610810973754
2023-12-20,0.0,0.0
2023-12-21,0.01939655172413793,358.56869070949745
2023-12-22,0.0,0.0
2023-12-23,0.0,0.0
2023-12-24,0.0,0.0
2023-12-26,0.0,0.0
2023-12-27,0.018169192086563955,335.8794650917855
2023-12-28,0.005870020964360587,108.5144288306031
2023-12-29,0.0,0.0
2023-12-30,0.0,0.0
2023-12-31,0.0,0.0
2024-01-01,0.0,0.0
2024-01-02,0.03922232796331056,725.0721151059564
2024-01-03,0.0,0.0
2024-01-04,0.04212137343625233,778.6644728777978
2024-01-05,0.005338078291814947,98.68082591293405
2024-01-06,0.017618826502544288,325.70529239964065
2024-01-07,0.01382690020397992,255.60695391759452
2024-01-08,0.012627458708767934,233.43382888807756
2024-01-09,0.006756756756756757,124.9068111780832
2024-01-10,0.0,0.0
2024-01-11,0.02066115702479339,381.9464474040561
2024-01-12,0.0,0.0
2024-01-13,0.0,0.0
2024-01-14,0.004777070063694267,88.30991108768939
2024-01-16,0.006718501941431878,124.1996247029065
2024-01-17,0.0012919896640826874,23.883989734310482
2024-01-18,0.0,0.0
2024-01-19,0.0,0.0
2024-01-20,0.0,0.0
2024-01-21,0.009746588693957114,180.17746641672818
2024-01-23,0.017032458521621628,314.86557190789154
2024-01-24,0.012009184533028993,222.0042838407318
2024-01-25,0.019373726144154158,358.14673228895606
2024-01-26,0.01636904761904762,302.6016199373801
2024-01-27,0.011807447774750228,218.27493615497917
2024-01-28,0.007293946024799416,134.83740375168716
2024-01-29,0.0020460358056265987,37.823443589475836
2024-01-30,0.004047927461139896,74.83082923557444
2024-01-31,0.022520373683164382,416.31631336882737
2024-02-01,0.0,0.0
2024-02-02,0.013071895424836602,241.64977848831782
2024-02-03,0.0,0.0
2024-02-04,0.008187134502923977,151.34907179005168
2024-02-05,0.0,0.0
2024-02-06,0.020380434782608696,376.75695762954444
2024-02-07,0.03201970443349754,591.9229179966308
2024-02-08,0.01264471063134342,233.75275151814563
2024-02-09,0.021739130434782608,401.8740881381807
2024-02-10,0.01811145968623879,334.8122119278972
2024-02-11,0.024471284475569254,452.38125617271294
2024-02-12,0.0,0.0
2024-02-13,0.0,0.0
2024-02-14,0.011904761904761904,220.0739054090037
2024-02-15,0.0042912606911735575,79.32913795251525
2024-02-16,0.02847958625104527,526.4795567388084
2024-02-17,0.024382072891118198,450.73207226169194
2024-02-18,0.01499462731970298,277.1938003295644
2024-02-19,0.013288135258340472,245.64723304010974
2024-02-20,0.01454388873395102,268.86135305522737
2024-02-21,0.0,0.0
2024-02-22,0.005197237374674826,96.07721141611543
2024-02-23,0.00947869776142101,175.22517890199023
2024-02-24,0.0,0.0
2024-02-25,0.010775862068965518,199.20482817194303
2024-02-26,0.006172839506172839,114.11239539726117
2024-02-27,0.02041483271006387,377.39284487311943
2024-02-28,0.0,0.0
2024-02-29,0.0012391573729863693,22.907321009115627
2024-03-01,0.019118869492934332,353.4353992104698
2024-03-02,0.0,0.0
2024-03-03,0.0,0.0
2024-03-04,0.0,0.0
2024-03-05,0.0033801570667002984,62.48628679142446
2024-03-06,0.0,0.0
2024-03-07,0.0,0.0
2024-03-08,0.0,0.0
2024-03-09,0.02258064516129032,417.430504453207
2024-03-10,0.0,0.0
2024-03-11,0.0,0.0
2024-03-12,0.006359300476947535,117.55935169701945
2024-03-13,0.0,0.0
2024-03-14,0.014783401878730656,273.2890428813769
2024-03-15,0.002913752913752914,53.86424258262329
2024-03-16,0.0,0.0
2024-03-17,0.008778008778008778,162.27209657323627
2024-03-18,0.0,0.0
2024-03-19,0.005906984307667291,109.19774088535542
2024-03-20,0.009326781140788028,172.4168166460542
2024-03-21,0.013577460687245196,250.9957631142583
2024-03-22,0.015708528661896537,290.3911290716387
2024-03-23,0.0,0.0
2024-03-24,0.0,0.0
2024-03-25,0.0,0.0
2024-03-26,0.004629629629629629,85.58429654794588
2024-03-27,0.007142857142857143,132.04434324540222
2024-03-28,0.0,0.0
2024-03-29,0.0,0.0
2024-03-31,0.0,0.0
2024-04-01,0.00729483282674772,134.85379735700653
2024-04-02,0.004356120947309332,80.52815814190004
2024-04-03,0.0,0.0
2024-04-04,0.0004736842105263158,8.75662486785299
2024-04-05,0.006779661016949152,125.33022409733093
2024-04-06,0.0,0.0
2024-04-07,0.0024875621890547263,45.9855921750157
2024-04-08,0.0,0.0
2024-04-09,0.0,0.0
2024-04-10,0.00402956838741391,74.4914395789906
2024-04-11,0.0052318155119127135,96.7164300552271
2024-04-12,0.008879175594506305,164.14228739120645
2024-04-13,0.0,0.0
2024-04-14,0.0,0.0
2024-04-15,0.004982336910789696,92.10451672975722
2024-04-16,0.005008710801393729,92.5920699586662
2024-04-17,0.011151591953112624,206.15064898252564
2024-04-18,0.002158894645941278,39.909775592306374
2024-04-19,0.0,0.0
2024-04-20,0.002929427430093209,54.1540049528414
2024-04-21,0.006726332108378733,124.34437479818641
2024-04-22,0.002737226277372263,50.600934455354874
2024-04-23,0.0028806932859098675,53.25309542411715
2024-04-24,0.0033736174778580905,62.365394591497456
2024-04-25,0.00483933410762679,89.46093715813159
2024-04-26,0.0,0.0
2024-04-27,0.032036613272311214,592.2354983088978
2024-04-28,0.0017772511848341231,32.854635167694866
2024-04-29,0.003194888178913738,59.06136758580291
2024-04-30,0.013239892991633952,244.75541646075922
2024-05-01,0.003253475303164744,60.14442135401343
2024-05-02,0.027001511334610966,499.1555563136785
2024-05-03,0.012011365610245236,222.04460368793391
2024-05-04,0.013643659711075442,252.21953204177953
2024-05-05,0.0,0.0
2024-05-06,0.006553301511535402,121.14569518517114
2024-05-07,0.004489795918367347,82.99930146853855
2024-05-08,0.0015151515151515152,28.00940614296411
2024-05-09,0.008461921353907416,156.42883868793294
2024-05-10,0.0072663967220511485,134.32812160933025
2024-05-11,0.006087333946092873,112.53172182381866
2024-05-12,0.008664627930682976,160.1761146401923
2024-05-13,0.0014391940513312545,26.60524066350153
2024-05-14,0.00454170107349298,83.95883096528463
2024-05-15,0.0025930445393532644,47.935560848696966
2024-05-16,0.0,0.0
2024-05-17,0.013512936416918628,249.80295402844587
2024-05-18,0.002815315315315315,52.04450465753466
2024-05-20,0.009608718702570618,177.62877307150512
2024-05-21,0.0,0.0
2024-05-22,0.005585592428776777,103.25642374520487
2024-05-23,0.006710840180227935,124.0579877912276
2024-05-24,0.010371065249114029,191.7216699404266
2024-05-25,0.007298136645962733,134.91487244638924
2024-05-26,0.0027333973004073633,50.530151190546405
2024-05-27,0.014848943141044941,274.5006522926639
2024-05-28,0.009760827317731667,180.44068457823226
2024-05-29,0.009214650652215819,170.34394910507172
2024-05-30,0.022514626188627623,416.2100639890295
2024-05-31,0.006973308179678553,128.91002583668242
2024-06-01,0.010549605083688423,195.02219446835923
2024-06-02,0.008295428671087462,153.35102031379532
2024-06-03,0.01967564942495068,363.7281488742144
2024-06-04,0.011937440256281072,220.67800421406042
2024-06-05,0.002312582157660278,42.75087490930014
2024-06-06,0.018421052631578946,340.53541152761625
2024-06-07,0.006038647342995169,111.63169114949463
2024-06-08,0.0010905125408942203,20.1594417168553
2024-06-09,0.0,0.0
2024-06-10,0.003978402955385052,73.5455847573141
2024-06-11,0.011604126951653231,214.51630511742513
2024-06-12,0.015217354755914259,281.3111860547795
2024-06-13,0.011902540624506984,220.0328423600642
2024-06-14,0.004159944522231733,76.90159993255568
2024-06-15,0.0073673870333988214,136.19504951637757
2024-06-16,0.009494253564269327,175.51274670989676
2024-06-17,0.003076923076923077,56.8806401672502
2024-06-18,0.000999000999000999,18.46774031404227
2024-06-19,0.0011589403973509935,21.42441330802884
2024-06-20,0.00456718602864523,84.42995114848507
2024-06-21,0.008082909783398748,149.4223519405014
2024-06-22,0.007754243087340483,143.34655101663037
2024-06-23,0.017556022204454038,324.5442790784365
2024-06-24,0.021599352549849887,399.29012507591654
2024-06-25,0.004251700680272109,78.59782336035848
2024-06-26,0.0062599938760929475,115.72354921245062
2024-06-27,0.019036912847658016,351.92033161445477
2024-06-28,0.013069139966273187,241.59884050802938
2024-06-29,0.0,0.0
2024-06-30,0.013888888888888888,256.75288964383765
2024-07-01,0.0,0.0
2024-07-02,0.009943951749918937,183.825960931482
2024-07-03,0.0,0.0
2024-07-04,0.01501901588728448,277.6446524640238
2024-07-05,0.0035151369446356825,64.98155289808959
2024-07-06,0.0,0.0
2024-07-07,0.007629533053261867,141.04113538018723
2024-07-08,0.0,0.0
2024-07-09,0.009041591320072333,167.14473828531928
2024-07-10,0.0,0.0
2024-07-14,0.0640176600441501,1183.4437827292118
2024-07-15,0.006720430107526882,124.2352691825021
2024-07-16,0.0,0.0
2024-07-17,0.0,0.0
2024-07-18,0.0,0.0
2024-07-19,0.0,0.0
2024-07-21,0.0,0.0
2024-07-22,0.0,0.0
2024-07-23,0.020114942528735632,371.84901258762693
2024-07-24,0.010174418604651164,188.08641915769505
2024-07-25,0.0,0.0
2024-07-26,0.0,0.0
2024-07-27,0.0,0.0
2024-07-28,0.0,0.0
2024-07-29,0.007919268712100642,146.3972490502468
2024-07-30,0.01179578471745596,218.05933045128745
2024-07-31,0.01594896331738437,294.83585413646426
2024-08-01,0.01,184.8620805435631
2024-08-02,0.010078731285474853,186.31752346723815
2024-08-03,0.01594106175210701,294.689784156792
2024-08-05,0.023916656214724698,442.1282827499146
2024-08-06,0.019109842781260634,353.2685295404232
2024-08-07,0.019567643453566715,361.73152801609757
2024-08-08,0.0071739528077556245,132.6191841763041
2024-08-09,0.011253859294967987,208.04118434122984
2024-08-10,0.010698571410898543,197.7760169862588
2024-08-11,0.020157229484454323,372.630738049028
2024-08-12,0.011448600651662602,211.6412135778741
2024-08-13,0.015813836726645547,292.33787586639056
2024-08-14,0.019633615836912904,362.95110722047696
2024-08-15,0.023445617912964106,433.4205707019977
2024-08-16,0.011684500600369593,216.00210910968354
2024-08-17,0.012344222041309109,228.1978569248112
2024-08-18,0.028172577851373892,520.8041355880483
2024-08-19,0.006432393382539078,118.91056235708216
2024-08-20,0.02273578744658104,420.2984970171196
2024-08-21,0.017763707780686533,328.3835978505593
2024-08-22,0.009570157152713239,176.91591623794315
2024-08-23,0.009279086366880799,171.53512113249968
2024-08-24,0.0,0.0
2024-08-25,0.0,0.0
2024-08-26,0.0,0.0
2024-08-27,0.010174174885186947,188.08191370897265
2024-08-28,0.002528844634107792,46.748748043259205
2024-08-29,0.0,0.0
2024-08-30,0.023269205716118173,430.1593781277777
2024-08-31,0.0,0.0
2024-09-01,0.0,0.0
2024-09-02,0.012496405417216718,231.01115047425353
2024-09-03,0.006215617326728438,114.90319508816391
2024-09-04,0.007372824251122331,136.29556305445118
2024-09-05,0.01645173816190145,304.1302545167037
2024-09-06,0.015220090699683272,281.3617632805185
2024-09-07,0.0,0.0
2024-09-08,0.0,0.0
2024-09-09,0.02389378684334081,441.70551479243977
2024-09-10,0.03907380607814761,722.3265086362089
2024-09-11,0.0059101654846335705,109.2565487846118
2024-09-12,0.0,0.0
2024-09-13,0.01059322033898305,195.82847515207956
2024-09-14,0.015246015246015246,281.8410098377262
2024-09-15,0.0033783783783783786,62.4534055890416
2024-09-16,0.012380952380952381,228.8768616253639
2024-09-17,0.0,0.0
2024-09-18,0.01650797088157622,305.16978427207374
2024-09-19,0.015436413514432215,285.36075184087144
2024-09-20,0.006175771971496437,114.16660556134539
2024-09-21,0.0,0.0
2024-09-22,0.0,0.0
2024-09-23,0.0,0.0
2024-09-24,0.0,0.0
2024-09-25,0.0,0.0
2024-09-26,0.0,0.0
2024-09-27,0.0,0.0
2024-09-28,0.0,0.0
2024-09-29,0.0023148148148148147,42.79214827397294
2024-09-30,0.014354406337528701,265.35854205232636
2024-10-01,0.003838101884159107,70.95194996438222
2024-10-02,0.010876819491260528,201.0711480851201
2024-10-03,0.0,0.0
2024-10-04,0.0,0.0
2024-10-05,0.0024154589371980675,44.65267645979785
2024-10-06,0.011254365204150874,208.0505366836413
2024-10-07,0.00429553264604811,79.40811019912506
2024-10-08,0.0008312551953449709,15.366756487411731
2024-10-09,0.001341381623071764,24.79705976439479
2024-10-10,0.004139484311898105,76.52336822749236
2024-10-11,0.011372549019607842,210.23530728483647
2024-10-12,0.0032287822878228783,59.68794113491429
2024-10-13,0.0,0.0
2024-10-14,0.0169246406593528,312.87242847401404
2024-10-15,0.002425876010781671,44.84524864938189
2024-10-16,0.023047375160051217,426.0585723155104
2024-10-17,0.017421456391936117,322.0566674712267
2024-10-18,0.012943582625520181,239.27776138411758
2024-10-20,0.00546448087431694,101.01753035167384
2024-10-21,0.007833582352850327,144.81323318572518
2024-10-22,0.0,0.0
2024-10-23,0.0,0.0
2024-10-24,0.0033987915407854984,62.83076755634698
2024-10-25,0.0049107142857142865,90.78048598121404
2024-10-26,0.047619047619047616,880.2956216360147
2024-10-27,0.007866273352999017,145.41756581597886
2024-10-28,0.010559415994313278,195.20356100337298
2024-10-29,0.0,0.0
2024-10-30,0.008928571428571428,165.05542905675276
2024-10-31,0.006884246793479834,127.26361852180352
2024-11-01,0.011493233829324809,212.46631178626473
2024-11-02,0.0,0.0
2024-11-03,0.01072041166380789,198.17976044550076
2024-11-04,0.004700854700854701,86.9009780332989
2024-11-05,0.0009389671361502347,17.35794183507635
2024-11-06,0.0,0.0
2024-11-07,0.015083626024412617,278.839048901395
2024-11-08,0.010729856462755486,198.3543589638776
2024-11-09,0.008749999999999999,161.7543204756177
2024-11-10,0.0,0.0
2024-11-11,0.017600988216429487,325.3755301311893
2024-11-12,0.007144529262086513,132.07525438936807
2024-11-13,0.007667483660130718,141.7426981945539
2024-11-14,0.008491007213958143,156.96652594827057
2024-11-15,0.0,0.0
2024-11-16,0.0,0.0
2024-11-17,0.019196721079411987,354.8745798354575
2024-11-18,0.018215855507365056,336.74209479724266
2024-11-19,0.008268684935309252,152.85663005004858
2024-11-20,0.004075810067250866,75.3462728932395
2024-11-21,0.009639571315326197,178.1991208899252
2024-11-22,0.0,0.0
2024-11-23,0.004329004329004329,80.02687469418316
2024-11-24,0.024496981891348087,452.8563039472597
2024-11-25,0.013287303413885692,245.63185539044977
2024-11-26,0.009750641329588697,180.2523842821821
2024-11-27,0.006807131280388979,125.83804510258754
2024-11-28,0.01093603825844263,202.16587853597093
2024-11-29,0.003246753246753247,60.02015602063738
2024-11-30,0.008181818181818182,151.2507931720062
2024-12-01,0.0,0.0
2024-12-02,0.0018674136321195146,34.52139692690254
2024-12-03,0.00483768300445576,89.43041452139272
2024-12-04,0.007363143111610914,136.11659549523986
2024-12-05,0.012084216586846719,223.39134199835195
2024-12-06,0.006207614138127734,114.75524647859304
2024-12-07,0.006278538812785388,116.06637477050195
2024-12-08,0.016772585502444495,310.06150520766937
2024-12-09,0.02458484823179206,454.4806193976819
2024-12-10,0.003863881356685633,71.42851465703914
2024-12-11,0.011522102770375737,212.99998903684113
2024-12-12,0.007769165021073418,143.62240098819075
2024-12-13,0.0,0.0
2024-12-14,0.0,0.0
2024-12-15,0.00843004868864275,155.83963396660346
2024-12-16,0.003878474466709761,71.69828592510528
2024-12-17,0.0067754290744466966,125.25199152775646
2024-12-18,0.008667146239912153,160.2226686285481
2024-12-19,0.016418522572302783,303.51622421673466
2024-12-20,0.004026082230666272,74.42699376004366
2024-12-21,0.0,0.0
2024-12-22,0.004896234148493804,90.51280315190058
2024-12-23,0.0025703638802353755,47.51628146543374
2024-12-24,0.004284820733304165,79.21008755148037
2024-12-25,0.007575757575757576,140.04703071482055
2024-12-26,0.0,0.0
2024-12-27,0.004154617093730935,76.80311598089521
2024-12-28,0.01689550112768567,312.333749029009
2024-12-29,0.015739673334284904,290.9668759651949
2024-12-30,0.00711701921109795,131.56669786320754
2024-12-31,0.0012730744748567792,23.534319610892823
2025-01-01,0.0035243925060285657,65.1526531316583
2025-01-02,0.005029855988760099,92.98296429166926
2025-01-03,0.011070898085106588,204.65892534985528
2025-01-04,0.02973369529043154,549.663277363752
2025-01-05,0.01938872024498623,358.42391635652575
2025-01-06,0.008250223282956699,152.5153441036321
2025-01-07,0.0024154589371980675,44.65267645979785
2025-01-08,0.00782094591567384,144.57963337901484
2025-01-09,0.00754015204437525,139.38881945380095
2025-01-10,0.012784083496412262,236.32922729893994
2025-01-11,0.003991130820399113,73.7808747180518
2025-01-12,0.00971460077816144,179.5861311501041
2025-01-13,0.003958196499632964,73.17204401223985
2025-01-14,0.0013824884792626728,25.55696966040043
2025-01-15,0.0032467532467532465,60.02015602063737
2025-01-16,0.011084210342012242,204.90501850068625
2025-01-17,0.0016914749661705007,31.26895814336318
2025-01-18,0.0032527881040892194,60.13171764892853
2025-01-19,0.018314157124853816,338.5593189502197
2025-01-20,0.011524860071185281,213.05096107327478
2025-01-21,0.01421684879229649,262.81562465171714
2025-01-22,0.014678765527483225,271.3547135221682
2025-01-23,0.017103204761403302,316.17340161555893
2025-01-24,0.0308313747457074,569.9552081509739
2025-01-25,0.04495241251953218,830.9996503813232
2025-01-26,0.021115589975455668,390.34718947675395
2025-01-27,0.014043724966622163,259.6152215911355
2025-01-28,0.006983318293786722,129.09507488873388
2025-01-29,0.0031507140202792377,58.2447548986594
2025-01-30,0.004869375907111756,90.01629611373791
2025-01-31,0.003499763928234183,64.69736411846844
2025-02-01,0.0013961605584642235,25.809714561055934
2025-02-02,0.02396934857384182,443.1023646634286
2025-02-03,0.008753715204292868,161.8230005151401
2025-02-04,0.004291452604532234,79.33268570279215
2025-02-05,0.007433493809606958,137.41711313516393
2025-02-06,0.01614271176874871,298.41752831859486
2025-02-07,0.007888232554741604,145.8235081880999
2025-02-08,0.019496915003792716,360.4240271782133
2025-02-09,0.013648584115726455,252.31056561070199
2025-02-10,0.006489005192064279,119.9571000462986
2025-02-11,0.0,0.0
2025-02-12,0.008888747701425769,164.3192393512382
2025-02-13,0.0,0.0
2025-02-14,0.0029531102723738554,54.59181090255992
2025-02-15,0.0,0.0
2025-02-16,0.006622392447614697,122.42292460420323
2025-02-17,0.0020156210632401106,37.26119033379957
2025-02-18,0.009217726443818788,170.40080882857603
2025-02-19,0.00498266897746967,92.11065538349115
2025-02-20,0.013900850105860877,256.9740071893651
2025-02-21,0.004187181413484164,77.40510677100201
2025-02-22,0.0180784215156466,334.2014614325946
2025-02-23,0.018499385057234335,341.9834810456842
2025-02-24,0.008961518186610437,165.66448968057844
2025-02-25,0.001012888908484341,18.724475098191395
2025-02-26,0.008049390355905319,148.80270482999492
2025-02-27,0.00918112696147408,169.72422318327003
2025-02-28,0.011834319526627219,218.77169295096226
2025-03-01,0.016920474435882807,312.7954108001468
2025-03-02,0.011491990225359761,212.44332226462964
2025-03-03,0.019823635185779412,366.46384443797655
2025-03-04,0.023680745915249407,437.76719587164894
2025-03-05,0.026281583906780162,485.8468280987607
2025-03-06,0.02051271486029944,379.20231466718195
2025-03-07,0.0180726994351601,334.0956818622174
2025-03-08,0.007069954577208599,130.6966512491269
2025-03-09,0.022635879519461492,418.4515782901081
2025-03-10,0.013982791451927766,258.48879196101166
2025-03-11,0.033568115051819045,620.5471588404965
2025-03-12,0.0194185324386797,358.9750307717
2025-03-13,0.02979610839408164,550.8170589831457
2025-03-14,0.015398375527489605,284.65757370028143
2025-03-15,0.0060759493670886075,112.32126412773455
2025-03-16,0.014181971674940739,262.17087900394256
2025-03-17,0.015152142068029919,280.1056507387658
2025-03-18,0.016610023006060275,307.05634107767514
2025-03-19,0.012835488237490665,237.27950603749565
2025-03-20,0.016635435207746484,307.5261163251656
2025-03-21,0.010060244887488794,185.97578006789223
2025-03-22,0.0158057391526673,292.1881824290932
2025-03-23,0.02679683162696171,495.3718046535695
2025-03-24,0.0169405139713981,313.1658658229952
2025-03-25,0.008695472223529692,160.74630865504616
2025-03-26,0.0032317684770181454,59.743144449667675
2025-03-27,0.0013540961408259988,25.032102984910377
2025-03-28,0.0020302694721299375,37.53198386820219
2025-03-29,0.003837719298245614,70.94487740158671
2025-03-30,0.008480932115371579,156.7802755796312
2025-03-31,0.007078425730506939,130.85325075146034
2025-04-01,0.00033253524873636604,6.14731579354759
2025-04-02,0.0048129148691872115,88.97254561969989
2025-04-03,0.011660366547353144,215.5559619844266
2025-04-04,0.010317259185749543,190.72699985848485
2025-04-05,0.007372654155495978,136.2924186313133
2025-04-06,0.018039273737333633,333.4777674578353
2025-04-07,0.006825839936654355,126.18389721472671
2025-04-08,0.012534818941504178,231.7212708763326
2025-04-09,0.0,0.0
2025-04-11,0.0,0.0
